-- phpMyAdmin SQL Dump
-- version 4.6.6
-- https://www.phpmyadmin.net/
--
-- Host: localhost
-- Generation Time: Jun 23, 2017 at 03:47 PM
-- Server version: 5.7.17
-- PHP Version: 5.6.30

SET SQL_MODE = "NO_AUTO_VALUE_ON_ZERO";
SET time_zone = "+00:00";


/*!40101 SET @OLD_CHARACTER_SET_CLIENT=@@CHARACTER_SET_CLIENT */;
/*!40101 SET @OLD_CHARACTER_SET_RESULTS=@@CHARACTER_SET_RESULTS */;
/*!40101 SET @OLD_COLLATION_CONNECTION=@@COLLATION_CONNECTION */;
/*!40101 SET NAMES utf8mb4 */;

--
-- Database: `myAssignDb`
--
CREATE DATABASE IF NOT EXISTS `myAssignDb` DEFAULT CHARACTER SET utf8 COLLATE utf8_general_ci;
USE `myAssignDb`;

-- --------------------------------------------------------

--
-- Table structure for table `Access`
--

CREATE TABLE `Access` (
  `userid` varchar(45) NOT NULL,
  `pass` text NOT NULL,
  `date_of_creation` datetime NOT NULL,
  `role_id` int(11) NOT NULL,
  `created_by` varchar(45) DEFAULT NULL,
  `blocked` tinyint(1) NOT NULL DEFAULT '0'
) ENGINE=InnoDB DEFAULT CHARSET=utf8;

--
-- Dumping data for table `Access`
--

INSERT INTO `Access` (`userid`, `pass`, `date_of_creation`, `role_id`, `created_by`, `blocked`) VALUES
('mgr', '6e995af6bf52ad5dd8b7557d9d1ef5e2', '2017-06-22 00:37:41', 2, 'useradmin', 0),
('salman', '69ce7fab166039bd8b529c585b76ecff', '2017-06-22 00:34:25', 3, 'useradmin', 0),
('shamsi', 'caffc55e566a609ec345c14855dae7e6', '2017-06-23 03:59:33', 3, 'useradmin', 0),
('useradmin', 'aa6d19b8fafc6dc0e7899ed78ed6d94a', '2017-06-21 16:36:03', 1, NULL, 0);

-- --------------------------------------------------------

--
-- Table structure for table `Messages`
--

CREATE TABLE `Messages` (
  `idMsg` int(11) NOT NULL,
  `userid` varchar(45) NOT NULL,
  `msg` text NOT NULL,
  `time_stamp` timestamp NOT NULL DEFAULT CURRENT_TIMESTAMP ON UPDATE CURRENT_TIMESTAMP
) ENGINE=InnoDB DEFAULT CHARSET=utf8;

--
-- Dumping data for table `Messages`
--

INSERT INTO `Messages` (`idMsg`, `userid`, `msg`, `time_stamp`) VALUES
(16, 'useradmin', 'Hello', '2017-06-21 20:40:32'),
(21, 'mgr', 'hello manager', '2017-06-22 23:05:53'),
(22, 'useradmin', 'hello how r u', '2017-06-22 23:12:42');

-- --------------------------------------------------------

--
-- Table structure for table `Roles`
--

CREATE TABLE `Roles` (
  `role_id` int(11) NOT NULL,
  `role_name` varchar(15) NOT NULL
) ENGINE=InnoDB DEFAULT CHARSET=utf8;

--
-- Dumping data for table `Roles`
--

INSERT INTO `Roles` (`role_id`, `role_name`) VALUES
(1, 'Admin'),
(2, 'Manager'),
(3, 'User');

-- --------------------------------------------------------

--
-- Table structure for table `UserProfile`
--

CREATE TABLE `UserProfile` (
  `userid` varchar(45) NOT NULL,
  `fname` varchar(50) CHARACTER SET latin1 DEFAULT NULL,
  `lname` varchar(50) CHARACTER SET latin1 DEFAULT NULL,
  `email` varchar(100) CHARACTER SET latin1 DEFAULT NULL,
  `dob` date DEFAULT NULL,
  `headline` varchar(100) DEFAULT NULL,
  `current_pos` varchar(50) DEFAULT NULL,
  `highest_edu` varchar(50) DEFAULT NULL,
  `highest_univ` varchar(60) DEFAULT NULL,
  `state` varchar(30) DEFAULT NULL,
  `city` varchar(50) DEFAULT NULL,
  `country` varchar(20) CHARACTER SET latin1 DEFAULT NULL,
  `gender` varchar(15) CHARACTER SET latin1 DEFAULT NULL,
  `phoneno` varchar(15) CHARACTER SET latin1 DEFAULT NULL,
  `image` longblob,
  `description` text,
  `last_updated` timestamp NULL DEFAULT NULL,
  `updated_by` varchar(45) DEFAULT NULL
) ENGINE=InnoDB DEFAULT CHARSET=utf8;

--
-- Dumping data for table `UserProfile`
--

INSERT INTO `UserProfile` (`userid`, `fname`, `lname`, `email`, `dob`, `headline`, `current_pos`, `highest_edu`, `highest_univ`, `state`, `city`, `country`, `gender`, `phoneno`, `image`, `description`, `last_updated`, `updated_by`) VALUES
('mgr', NULL, NULL, NULL, NULL, NULL, NULL, NULL, NULL, NULL, NULL, NULL, NULL, NULL, NULL, NULL, NULL, NULL);
INSERT INTO `UserProfile` (`userid`, `fname`, `lname`, `email`, `dob`, `headline`, `current_pos`, `highest_edu`, `highest_univ`, `state`, `city`, `country`, `gender`, `phoneno`, `image`, `description`, `last_updated`, `updated_by`) VALUES
('salman', 'Muhammed Salman', 'Shamsi', 'salman@example.com', '1990-04-25', 'A passionate web developer', 'Assistant Professor, AIKTC', 'M.E/M.Tech', 'JNTU Hyd', 'Maharashtra', 'Mumbai', 'India', 'MALE', '9999999989', 0x2f396a2f34414151536b5a4a5267414241514541594142674141442f327742444141674742676347425167484277634a4351674b4442514e4441734c44426b534577385548526f6648683061484277674a43346e49434973497877634b4463704c4441784e44513048796335505467795043347a4e444c2f3277424441516b4a4351774c4442674e44526779495277684d6a49794d6a49794d6a49794d6a49794d6a49794d6a49794d6a49794d6a49794d6a49794d6a49794d6a49794d6a49794d6a49794d6a49794d6a49794d6a49794d6a4c2f7741415243414755415a51444153494141684542417845422f38514148774141415155424151454241514541414141414141414141414543417751464267634943516f4c2f3851417452414141674544417749454177554642415141414146394151494441415152425249684d5545474531466842794a7846444b426b61454949304b78775256533066416b4d324a7967676b4b4668635947526f6c4a69636f4b536f304e5459334f446b3651305246526b644953557054564656575631685a576d4e6b5a575a6e61476c7163335231646e643465587144684957476834694a69704b546c4a57576c35695a6d714b6a704b576d7036697071724b7a744c57327437693575734c44784d584778386a4a79744c54314e585731396a5a32754869342b546c3575666f3665727838765030396662332b506e362f38514148774541417745424151454241514542415141414141414141414543417751464267634943516f4c2f385141745245414167454342415144424163464241514141514a3341414543417845454253457842684a425551646863524d694d6f454946454b526f62484243534d7a55764156596e4c524368596b4e4f456c3852635947526f6d4a7967704b6a55324e7a67354f6b4e4552555a4853456c4b55315256566c64595756706a5a47566d5a326870616e4e3064585a3365486c36676f4f456859614869496d4b6b704f556c5a61586d4a6d616f714f6b7061616e714b6d7173724f3074626133754c6d367773504578636248794d6e4b3074505531646258324e6e613475506b3565626e364f6e7138765030396662332b506e362f396f4144414d424141495241784541507744315878447161364a34586c6c69755a5a47645235636a544e75593859494a5036644b794c547842714e68703976646134387a6f46444b79686c474f4d5a4b38486a4833733572682f472f696c3959314e744c6a74546232316f356a4348715370394f3353704e45385436687039714c53345a4c76546d586130457733414476673971394f6868484b46374a73384f766d6359567258305056394d316979315574633256307a534651576a4d684f306637765166674b74624e747530486d546253636b6d5a74332f6657636a383638382b48756b7732657233567a4351556444355944456b4c6e49427a31774b39434c6335727a4d5a54396a55355565706871727130314e69735759786b79532f752f75346b595a2b76507a666a6d6c4473737a5369535463777751584a583842304834436f39314a754663696d2b35304367455147487a5a74684f632b6132372f76724f663170355973305a4d6b76377637754a474766727a38333435714c64533771664f774a6c59695a35524a4a756359494c6b6a38426e412f436e4a47763259772b5a4e744a7954357a3776384176724f663171446454673161517157656f697955444e477865544d663363534d4166714d382f6a6d7045534d53764a6d5463347763794d522b417a67666856595363564973746263384747704e396b6a2b7a6d48644e734a7a6e7a33336638416657632f72546d67526e6a59744a6d50706956674439526e6e386330315a4b6d424236553744493167525a486b426b334f4d454752695077476344384b62396b6a2b7a2b54756d325a7a6e7a33336639395a7a2b7454305567496a416a535275544a6c4f6d4a4741503147634838614241697649344d6d5a4f755a47494830476344384b6c706b6b73634b623548564648646a69674350374a48396e386e644e737a6e506e50752f37367a6e3961352f78663470303777726178334677306b6c305152444173724464376b5a776678724538612f453279304b467258545a49376d2b59594255355650725868393971656f3676644e64616a634e4e4d53636c7a6e487350617335564e6249616a6333627a346b654d357279575731313572614f516b2b576b4562676577334b636668564f5834672b4f4667386c66464e7a6763354e7644752f3736325a2f57734b5751444135716d3030766d37664b59715431716f583243556c463748526e346a66455a706c632b4a6d473370693268782b49325950343034664558782b72755234706b2b663732625345342b6e79636668584f53423976796e396172526936535973354254324761323345706132736457666942342f386c59762b45736c3239632f5a5964332f6657334e4a4a38527669495a566b587855785a65415073634958385273776135305445342b516a6e484e53634470554f35646b62772b492f77415159726952483854796c58584a62374a442b6e7963666856686669443432654552487854636852795033454f372f76725a6d75617a7558317a5466756e64365558734358566e6f512b4a50695735302b504f713345576f51726a7a596f6f79737675564b376630726f2f44336a3637754e4b7542656168504a665949593441446467514d59582f674f4f74655178544f7044493161576d7a6f7338556a48435a3279347a6b4b652f353144625a6161656c6a365a307961323166517257654b53557879786951596e634d436578624f65446b636e745631596739774a6d5a3979714d4b4a47432b2b567a672f694b3869384265496c74624e7266375946594e73546679704f34347a36477652644a315a726d38654b51714377444a68733864507836554b6132496c43787369326a587a634e4c2b392b396d566a6a36632f4c313759704461527441734a6162617079434a3344666932636e7236314e6b5a786e6d6c7169434d774930367a4579626c47414249775838567a673966536d726252723575476c2f652f657a4b7878394f666c363973564e5251424162534e6f46684c5462564f51524d346238577a6b2f69616559554d367a457962674d41435274762f664f636670556c46414549746f31456f44532f7666765a6c59342b6e50792f68696b4e7247304b52467074714849496d634e2b4a7a6b2f6a55394641455a68517a69624d6d344447504d62622f337a6e48365530573061724b4130754a50765a6c59342b6e50792f686970714b414944617874456b5a6162616879434a6e422f4535796678703568517a69624d6d344447504d62622f337a6e4836564a525142434c614e566b554e4c695437325a574a48304f666c2f44464274593269534d744e74513542457a672f6963355034314e52514248354b656635325a4e77474d655932332f766e4f5030706f746f3153525130754a446c737a4d53506f633866686970714b4149546178744847686158434849496d63452f5535796678714f3467667a566e686b6b5677514758655370482b37302f484657714b414962574f5347457049356474376b4573543870596b444a3941514b4b533045516859517357587a5a43536637323837682b65614b41506d3357524b66466572695a523567765a7435424f4d2b593266317165484b6c53446b656c4d31636f50456571434e7a4967764a677245386b627a6730514d4d414539362b6e6f66436d6643347937715339547466434f70684e58534b45464762475550636436394863344f4b3835384d5751585572533942447249774367446c4b394566725867357930367568394c6c455a52777955687250555a6b6f656f577a586a3748716a7a4d63306e6e2b39566e7a6b3145533146774e4154314b733472493878676574486e734456584132784d7450456772444679525468654d4f3946774e355a434b6c575931674a71423936703376697531736558666352327a697449314768574f785766706d707777497a6d764b4c76346f7062727553305a6763376470786e3878584c617438554e5a76593369674b3273624441326e4c44386132396f726244535a37507250696e534e4574354a4c75386a56314845594f57503456346c34712b49657161764a4e426179757471666c58433757622b6f4663706358633936356d754733794837785937696678714279416a4e6e356a3034724e7555764974523769456f767a6b44656575425347513953656f71442b4c4e4e655541675a2b62734b714d5233493570482b5655584f652f705448646b77764f5455696a417a304a3549707372786f753979426a317256494c65384e47356c4b6c696837476f6d745a7a7541765a414437436b6b75786c537047447a534c634b4e7a427335506172536b6a546c5a4c48457978425a5a4337442b4c705569664b707957616f473879574f4d715370794e33307156346d436e796e4f66516d6b7962456e506c466c7a794d6755794a773051336874335167696d715a565565597649376731576543356e75316c567a47696e706e72553243786f497968385a414f4f4255736368556b4b534d396670555362513258366d706a45575562546e427a57656f6b62576c5855537874477971323567775a68337275644d3179597371744a7365466835544941434642727a533064544c734c42654d6e32713962584747554e38337a62735a7853634c6d6c31737a364c306a557062694b4f4b356b456a37504d535a5239356663656f3731764470317a586833687678444e5a6555753662397956596c7a6e6e75416364434258734676714d6369786c634247494139776568423731634737575a6a4f4e6d614e46464655514646464641425252525141555555554146464646414252525251415555555541464646464145567553305445772b562b3863626658356a7a2b505838614b5741534c47524b346474374545656d3434483444412f43696744357831634b664565714d49664c42764a766b786a62383534706b5948537275735253447842716e6d6b4758375a4e76493645377a6d6f4934386a6a3172367a447862696b6a3448465458744a65724f733848332f6c53685a4353496d4241396a58704c6a754f68365635486f514d642b79352b38682f45313672707376326e534c53624f535977443952782f5376457a6e44636b726e303254567661554575773568555444697242576f7974665073396771737561695a4b746c616a4b30686c4e6c71497256356b71466f2f617141716b59704b6731585562585362667a4c7038452f64516457727a6e57504739356446344c58397848304f446c736658745453754c5536507856346f6730364c374c62536272676e6b723057764e7037366561587a4a334c7945354c5a357147346d6155376e5973783579543171757842584e624b4137574a704a792f4c484a50725666507a626978774255655236306d666d785773555579554f5759664d4d656c534d64354939425545514259746e705467666d5a6a31627651304e4f3478534e707071384173614e70427831464441415946477757476e35674a695346786d734f2b752f744f556a55384d6561334a64336b6856584f654f616f6e54797a4d78774f5467597253453472566a685a76557854424946557577475236306b4e7738456d52796f50543172526d7369357779736f4851675a7050374d644534414b6e3635712f627132724e2f5a506f574c4c556c7548386f72744f4f4b73487a4e7a6942675342305072554d656e72386a46634d414d5934785570686142792b38664e31354e527a51623049535a56697537794b51695a43777a6a6f4b754a4f5448356a66784e674b6e4a41702f326375564b39434d6e6d7245567352306a7832474b55355265776d57466a44496b6959594d4f6e63564b6b45627942586c6546753242312b75616162534b3269565769754a47492b35472b47413963356f573644584563552b3661326b4f433353534934794f65342b7454644a616953665174745a375a496e47786e413271363944363078595a4e38696e494b4876326f736d5733756c5553766351456b636a445a395453334f6f4f723754426c67446e486364714f5a6478576c324f6f30436354456937584966354d67644d446731366c34616b662b793273586265457959576630504e654c3666713468743930614d5a45624a5450384f4f542b4664486f6e6937657977756741484162504f666568754c315163736d6a334377755875624b4b52682b38787463652f725675764e4e4c315336614e6862336f52684a6e356551772f477461313859336354464c32434a67707875556c5361683149783346374b54324f316f72456a3856616153424b375135414f584846616b46356258517a4250484a2f757344564b55587379484753335250525252564568525252514155555555414646464641425252525141555555554151576769454c655353563832544f663732383776317a5254726469305a4c52655564376a62362f4d656678362f6a525142344471675264623141524d576a2b3079625750556a636347704c65454d67774d6e326f31544436357144655635514e314a2b37786a5a3878342f43722b6c787235677944774b2b7a772f75306c4c79507a6a4661316e487a5a556e387a5435306c4177796a4f4b394e3849755a2f4339744952673834397138373138715163486b4c69765276435554512b46624e57363472793835616c526a4a376e765a4264564a78543052716c61597938564c696b4e664b4e48314a584b55777078566b696b3263564e686c4d7056445662394e4b302b613664643551664b6f376e734b3254486e74586d66784e316a374e6532756e414e35574330753173482f41446a2b6c4e49446764553147393165376c7637313264484a387063384b4d38446a7069714366506a6851414d5a706269643769527467434474474d664b50366d6f7432464141507658516b6b57687367354f477a55425930724e31344971507667484f4b30534a76636455556a46584237486a386147547a50346e5564774d6330337932334b45507971636b6d71566a4f6f357461453659564e754f547a5142754f50536e62654d34497151523938476f6c4a473059757846672b6c4a73357179794265394e455a4a7157394375566b5370764f4432702f6b5a4939616c5746692f79676d744331742b51685835696563316a4f566a656c5375554674386e48656e745a763766674b3352594b722b76765579325765677242313954725642574f62466b54324a4e4e2f732b516e424836563151734d64422b6c534377347065324436764535663741355437704742543173354e71714e78783631302f32486a4744536978394f67397158316c6a3968544d50796b4b4b504c5a5a522f793055344a39716d5779746d6a4238672b6154315a75746261574b5935414e506a7441725a43676a3049707575354c55505a515778536930754b51435171455939636436736e51494a733768757a314e614d61656f48307856324b4a514d714d5a36316e7a4e685a474c48345a6844466b584250417172632b486673623535436b2f4e674775317467416f47422b5658317455754632755079725345326a4f5562484b7858646e59327476453057415977524a6b67456a6a4f507735717962694e6d6a2f6671433434446e476176367a6f70657a55526b375649525433516461345457354c6e3933433244396e79724d51506e4f633966584171352b2b724370704937466958695562647972332f415031554a4b385a7970497836484665624c65582b6e7a4d747264795237435231794d2f513856723266692f55596c417649344c70653746646a48387344394b3548546d7535716e463648704e703469314b314143584c4d6f2f686b2b5966543146626c74343047306661725965375274782b52727a4f32385636564f6f575a5a62646a366a63507a72597435374f37584e726552536e30442f3071343136736474544f57487076645750544c667846707478674366797965306778576b6b695372756a64574871707a586c506c794b506d512f55314e4464793237626f705a493237625749726f686a66356b5953776638725055364b34537a3855616a44685a47575a522f7a304850356a2b74626c76347174704f4a6f6e6a3978794b365959696e4c5a6e504b684f505133364b71572b703256304d78584348327a697264624a7037475454573455555555434369696967434f41534c475249346474374545656d3434483444412f43696d576e6c6553336b6b6c664e6b7a6e2b39764f3739633055416547616d722f323971496c496155586375386a6f57336e4e58394e69636e497a74787a564b3752503761766c695974474c6d545978366c647877613262654570596e62797a4c6e6976744c3874434b386b666e46566332496c354e6d44714a4d317a3551367534586e3631374a706c76396e306d3069786a45594a48763172794c54595074666947326850643639714b5943714f6746654c6e55745977585248306e44394b314b56547579456a6d6d6b5659326730776f613847564a6e3056794848464a67314b56397141684a7855636a7659647a4c3176574c58772f704d756f336259534d634c33592b6772357a316a56726e584e5a6d3143366c626649354b6f4734414765335375782b4c48694a4e5431762b7834447568736d4263716572673950307268493469534d3838596f53764c545a464a6158434b503564354a706436344a48476164495651636b3571746b6e6d745543646873764a786e696d7178553455647147786735706f636266657236584a5675596b476553774177616d6968643247426e365646623237335437446e6163644b367979307a796f736253536539633953716c7364554b546c715a43574c594263455a7179384d5555573039636461305a625a677751726c5230347050374d615963673761353356544f714e477867757179754176343159467153654b30786f71373862694d6436735232516a4248565251363268556153366d624462736d4d39613049344e793536746d706f3763753257424148537263554f33474b776c4e733659775351324b334a77442f414371366b41427055413965616c46594e75344d51494d5978532b574b6342337063553769476557767052734870556d4b64696b747749315265347036707a774b6342547750593159724171444e57554846524b4f39544b3242697151695746734e2b4e6174732f49724a6a584441316f773558464f4a4d6b6a57554c49754735556a6b563533346a7359394631305233667a573834333235506476543871394574564a494e52654c764467312f777a50416f4832694a544c43543133446e46645549747251352b5a4b57757834666377435357523156686c6951443335716f557a3336644b3172534e70724d7a4d5279336c737664574277616f796f566b49497832704b545a7334366c55493253784f342b394f5264725a584959643838314e67647158594f314a3637676f57324c6470725770575046766553415a7a686a6b483844573562654e5a67514c7979696b39586a626166384b356a594453464f4f3951344a6c6e665733696a52376a4161535333633970422f555672517951334b373761376a6d42365959453135536335373865394f56325631614e6d5268304b6e4651364b734c305057775a5549336f52567933315736674f597269524d647335483547764d4c4c784671396c685937356e5148377377332f687a573562654e46645174375a6a336546736670553874534c764669644f2b2b70365662654b4c6c41424e48484b4231494f442f685772622b4972476241637445336f77727a6d30312f534c674462636d466a2f444b7550384136316173586c7a726d47564a522f73734457736352566a76716338384e4430505249726947635a696c52782f736e4e535635366865467541794e366734725673645676456c6a547a79364667434a4f66313631305178555a614e485050447461706e5551466d6a4a614c797a7663626655626a672f694f66786f6f674472475138676337324f5232473434483444412f4369756f356a784f3655796137656e79764b33584d6e37764833506d50483456306d785962484a774d4c5756354474346a76566d62644b747a4c765964433238357256315a7846703737526e497858316c53584e7951386b664152567031616a3773792f426c743533696353455a43446976574431727a767742624f31374a4f77774153516139457a7a586a356c4a537844736655355054634d4a472f554b54464c525841656d4e78566255626a37467064316464346f6d6366554372565a2b766e2f696d745335782f6f376679715a4f79754e48792f4a49317a6353335473586b6c646e4a39636b6e2b7453522f4a487549785555417847756363553665547a41415267415668485247724958666533505931457a446f4f6c4f503366576f2b505446576947525468325962636c65344654516f582b5652303663556f36384156667359693079344f4d346f6e4a714e67705158507a47336f4f6e67495a48363130516a34774f50656f62474d4c43426a6f4b7538453572793553625a366b4e7245596a776550547253464b6d4934706d4b69316a5a455254634b547951654b6d78533446425349396d42696e44464f36557739615a6f6877475455716a46524b65616c427a5754514d646d6c7a544b555572694830374e4d705231706f52494f744f3363385577487453385a71774a6855794449714241617378696d496b41775256364146696f716c3656713253416b567046585a6e4e32527232454a5a68572f456e5371476e494e6c61796a417230366356434f6835315765703433347330424e473853336a785266364e664558455941345276347631352f477546757730736179424e72592b633436746a4a50363137783435737a506f527559303353327a6268394f39655a782b4650375168696e7337324553584a59655249634d477751546b2f68576336647a616a573039343455483965616b566a2f414a46645644384c50466a4a495a5962565a4636447a65477a3077514f31592b6f654650464f6b76747564476e65504f504d684f38592f6e574d6f4e49336a566865317a4f33714f31473848723071743532306b584562774665766d71562f6e5561336c764978456267676479527a2b76394b7a757232366d3170626f76444250464b5671425a526a722b6c50456e4e4e70687a496673414e4f7854504e47662f7255344f44527147672f647a7a557364784a475130546c4748494b6e4271484e4e505053687854486578304e6e34733157304148326a7a6c37704d4e2b667836697569306a7878465066576b4e315a694f5353564544524e6b5a4a78305049727a6f45697072475847743655503841702b6747502b32693034306c7a4b7846546c616568394e32766c6553336b35322b5a4a6e50393765643336356f70384a646f7958514964374141656d343450346a422f4769753038593876303643502b324c356f546d49547545593953753434705045636d7931455950336a576c5952427279396c3876796d6134636d503841752f4d655077724338554e746d52636a6756395251616e576a354a666b664231303430705736742f697a712f4163654e4a65582b38635a2b6c64566d7354776e42396e384e326f37734d6b2b746249507a56344f496e7a56584c757a37504451354b4d59396b68394a53556c5a6d77374e554e63547a66442b6f49447959482f414a56637a544a416b6b4c7049415559454548754b6d53757242632b56553574314a4979656371654b6a507a5a5556504f6f69755a6f6c4132724977474278674531446a39613534366f3262754d7a67394d436d5a335a794b567a746248584e534941426b38315a49527176483072537352746c55675a353571697550544658724d37542b465255324e4b61737a72375277497747504a46577751547857506176754373426a386131497a373135383432656833784c47636a725465614161584971576b62495139614b436561516d704c515533484e4855306f464b356146417034363031616b5556494d4d553444696e42615544306f45494254674f61634253347a32706f516d415454686967656c487656495a497457492b6c5645626d724d5235353656516d69326747526e70577459675a724d6878787a337261735541494f4b3170617335366d787636655033663431706471705771376356647230327261486d314e794738743175724f613362704968583878586c31725a4c4e6253326b38616778636c76346879656661765636387333433531377842616b544c6957524e774a4741636e67314e726b63366846796651373777386b4b6155766b5447574d6e68693559487477545772584f65444c5748532f436c7642487545556563627a6b3961325a7452744c654d5354547047684f41574f4f6155705269374e6b55356530697072714e764e4e73627850394a73344a53764b6c347753506f65316337727667767739723459366a705544534559382b4e646b6e2f6651352f4f756d754a4131684a4a456335516c54574d6c314b6a624d6a61414d626a312f4f75624534437069567a553557614e59564848716561366a384753724e4a6f6d7453726b35454e32753859394d396134516548395a585672725442616f317a62757973456c7947786a6b667278583053392f4847415a59695055705841614234616b6d763953313265395a684a65547a7752676342433577507978584e6861574b707a35635273644b727478647a79536161653175477437694b5343644f436b6937542f3966384b64396f2b585033763930357a587447702b4837447842626d4f38736c754d416c585868302b6a64617764422b483976706e696578754c65342b305769795a654736554f665472586f6369734874394c6e6d5931474a7372484b4432786e4a2f5370426464526b453137376638416750774e34704d6b723656612b6172454e4a626b77746e3332455a2f484e6562612f384142712b6a316d352f3452683161796a5644356338767a626a796359485448536855304e56314c72593467334a7a5437473542312f53426b5a4f6f57342f774449693157316a54645838503345647271396a4c5a752f5235426c57487377347a554f6e757376695451796d502b516c426b4538672b5974577164727134327063764d665873415a5979476b387737324f6651626a676668302f43696d3270694d4c655343463879544f663732383776317a5251634a7964764759707267534d476b3831793741634d32546b2f6e58476138354f734b6d41774441592b7464756951724135674a4d514a4b4539537661754a43666266467343594244536a4f4f316651345236546e325238625868657043486552366659784332303233684178736955666a69724848576b592f4c5453666c72777050566e3136566b507a544333765463306c597971746f6468536169765a42485954756569787365754f31507a574c347675507333684c555a6435544554456b66537055725859487a777a4938736a4b506c334861636b3547654b72734d7677656c54796b4256555934474d6971375a4a786e705652324c4739546e337078627432704648484f616256415371666d78314658495438334751656c553477422f384158712f5a7238774a5046524a58527242587362746d574f3041644f2f725776434f39554c5251386137526a31725369474f4b34704866464533616b3755766247614d635669326149614d6d6c357036727853344872554c55704e4557445477707854774254754b64697559597138302f7051434253384876555743344131496f714d646165706f53734d6c41464f4330786657706c4f617441494936436d4b73494f4f76576d4563476d463953416a4271574d6b397159654b6d6747545475445a64743133636a725737596738566a326935626e745851574b41534375696847386b63315a36473762443552566d7138587967565972304a626e6d54334375437662466258785471737953454357486552376b6471373275593165305536305a32514d706a47344534794b53646e637a714b394f5565364c6d6c6f46384f526a73554250396178646630577a3151326a54334579777776764b49324133547269756c30694a597449676a774e75446a30786b347157537874356d4f3649444851697562453048566c7a49764353396c536a46396875516449424851786a465a4d5553794963767350754f445731636f4939506446364b6d425754424a4a476d46354237455a46656c51756f4554334b6c2f622b544338727170495568574239717065486b2f77434b58417a39364e3279507161304e545a58735832784b6a42535352565451467834596a782f7a774a2f506d69764a745254484173365a76737333666c4d317541513242307249755a6e747253613668346b694739636a754f656c6446616766324664592f756e2b5659567a415a74457579426e454c6e38676177554c75794b624f653062784f4c575a706279336a2f306879374d696e614d6e3836372f414d4f616a427176327536743333524f7962542f414d4272795851504e5357416c5438796c634531332f77376e417462754752674a424a3930384871525762306c5a47376f70552b644854366e593256304e313761775470734b346c514e7761346d58344f2b46726e556248564c464a724357336e53634c4249575279724167454e6e41343759727637714d794b75334249624f43635a6f736c5a62634234396a45354b35716e61786847704e58697469534270476a4a6c51493239674150546363483852672f6a525357366c5979444c357033756433703878342f44702b46464952786c374c666943666262516a63782b555067706e736670584e2b4649444e3472337973424c4743646e396136375672713165776b676135686d75554253526c624233446739506575583845787a50346b75476b4f5169634e6a7278587555717157466e305a3832734f2f7273485a744b2f6f65694d515363306d37504270434d476d3134484f307a36495539614b51306d617a6231474f724638563450686939334f555479323345444a3664683072594a724b3851786d5451627a6a4f497a7854543351487a63704c52712b4343526b6739716a4c626d323944556e47304654387655476f757557373172457069457344744137314a7477426e3861684763735230485370426e504971684a3943524f5778576c594a356b7755357837566d71666d474b336445684a6b4c566c4e324f6d6974546f62654c7934315556625250616f34314f50656e793345567448756b62486f4258464a335a32584a77702f794b5a4c4e4843704a493437566a5436777a735147324b65414f395a3837797a444959342b744c3254334770647a576b314d7554355a344870555832392f3470435077724a4470456e4a496248617163743549357742676539584767684f716b64454e5655446a4f5055304c7247346b4144614f2b6135563769546e4c48365a71753131494f4163565873455a7573647375714a6a4a626a36314e46714b736676416a32726742644f703562506355773631637837517134566d787977425030704f686259714e5a5051394a573956756837315a57594876586e736573795237555a6c7965326561314c665875426b644f764e5a796f794e46565232516b71654a2f5870584c5732736f353534503172587437315836566b344f4a736e6333455959484e4f596a48465562656250577032636744306f515748636c73566374346776587256466557483172526834484e556c6355746933626772495436317457732b30676a31724157625966705675432b6a5665547a57394f584b7a6d714b353138553466424863566356736975557474525142666d35394b32376538535a506c6362766576516a4a56466f635534476c57527171675337794f6b5a3656652b3062446c76752f774171793964754235414d624444786e426f746263786c6449314e4f585a706c6f7037516f442b517163675a4f447a53496f534e464852514254756f7151577842656357636e30724d68444a496e485869744f392f3439574872565656334c4364354233657464464e32694a71356e363844465953383549513834484e567442482f464f5144722f6f2f394b74654a6a74306d3459664e2b37504e5236494d614c6271522f7977482f6f4e457665555545532f70436837426c5a42744f4152363142724e756b646e6646427342744a4363663770725230794952325359474e7779617165494e716152714c746e48324f542f3045314b6c615451626e6d6d6e57383066326156315a4933796433746d722f687945323275584349796d52534d4a314f4d6e72552b6b417a6158702b37613449484a37416a4e4c346144443467584a32375661454836387457454e5a746e6255664c533555645866625a7269335653356a6151626f3838446d72756b41703971694262793435734947597467594847547a56545555506e57495841626631497a334657394b4257613955674169555a32394f6771357058756361324c6c6f596a43336b6768664e6b79442f65336e642b75614b66415a576a4a6c5149323967415037753437542b4977614b6b4435393141496d75616a3552506b2f6170664c502b7a764f5030704c65397572556d57317570597044786c4750536e616e4947313756413438742f7473355a65753037323471434e6c494233632f53764d645762304f794e4f47396a64745046757651483933666d5252315756512b667a4761313450694471512f31396e6253714f36686c50383634383559342b58465038736a7554517130317378756a466e66512f454742775050302b525058597759566668386136504c77586b6a502b3074656167457231704e76617239744c7153385045395a68313753376e2f41466437443943324b6d6e614b3674326a45736271772f685956342b5931445a4b3571534a326a4f556152534f6844476b71377671695868394e446b5045576e2f77426d6133663249425659706d43382f77414f54672f6c57577534523938657072593851724c2f41476c4a4e4b642b3841376d504f4b7959766d474f6f72766937787559536a797973437834583142357a535a7a6b636b3534703868326a41706965707137364532314c4673705a31553954585736626265584770373936352f526256722b2b6a696a77474a357a337270745666554e48732f4f697357614a634465347867316855546c6f644e4f6169615764715a417a39425750714c44506d797668633441724a6d315855726b41504d73616e717359717173625476744d6a7566397471495961585563735175685a38323257636c70432f3841536e5361685a2b5752736b336578786d704964436552517a485976584e57463069326a624c526d512b70504661546a474b4770546b596a334b754d4b6a446e674135715061306e5346795233326d75736967574d414c484767375957706c5645596b7353315a6379746f506c376e466d336d5049686c2f3735714a7257516e445253442f4149445864656369383534394b69615a434d6d7035783868776874537245735a5062634f6c55376a546d754758645068564f567775442b5a4e64334f364243535163396a69733255524e31534a68366252546a5564795854366e4a6a543559706a4c4649726e6e6c2b542b6c585967366e63334a49476356717661573068777362513839597a554c616136376a46503577374238412f7057736d354930356d3171525253534c4e7763447458516166647947546c75425850466a6279685a304b4873534f4b324e4c614b56766c50586e72584c56545a74526c7271645a424d63446d744b4e7a49414b7862664949474f4d3173576633774236317a6170324f743979394843536862386170334e2b4941637556774d35726f344c4a70594d6531636634687362685351416475443072524a6d4d5a4b54735a647a3477454a5a51544a376973747647636f4948507a646a69714e7a70556d4e7a48614636316d53514a47666e4950754257744e4a73796d33466e5757586975396c6b496a424b2b6d6552585a365a724d7a72484b386968694d6a6165755061764972464a726d566c73594c6d3459634879493262384d6a6a3961363753394a385751322b794451376c3163676779594733387a585647466a4754356a3137544e552b304b77354f506c49505770622b415843573542344c42526a706731776d6e572f6a75786b4d6b576a32623536724b2b6366546b56766a567647636351452f68794b514c7950494f4f6678593130364f466d633034616e6f6c417268553866333972707a3347712b467453747068494557474e664d4c6a2b3978774239616b303334702b47723968484c504c5a7a635a5335694b45666e57584b7a4e785a3131372f414d65782b6f7142526c4961622f614e6c714e7275744c754759486b62484271654f504b5138644f764e6152646f6b4d79664661684e41755734417874464a70582f495067582f7069422b6c4e386176743042314855734d666e556d6c594d554339746f2f6c52665241624e6f434c53494871464761797646705a66436d734f4d6357636d503841766b31727763514a394b78664754686642577473527774704a6e2f766d6c48342f6d46374b35782f686a4c6546394b59737a4d304552335a363551565a30624b2b506d52755033416238796169384b49736e676e51564b6b6b3263424a7a2f307a57724e6f31744438514447322f37513173675164677554564b6e7979624f69724c6d6a6f64527143736c7a5967386e7a6366685671787762362b49474158582b564d3149663662592f384158582b6c5332716c623638794d5a4b6b666c555331567a424669335862457738377a66336a6e6436664d666c2f44702b46464e744445304c474653712b624943442f65336e63667a7a525541654a6170707342316e55444a6c705463796270464f4e7833484a2f47716638415a4d57666c6d6b4831725476764c2f744f38386e506c65652b7a5039336363564344697553554532577074464936613442784b70394352534c5a334d5947417267656872513363644b63436179644e4771724d7a646c77687a354a7839615463335171522b46616f4e4c6e6232427a53644e464b7431735a666d726a6e48483455766d497734782b42725238754e776378722b564d2b77327a6a2f56416637707853634457466550593548784a47417354344f434344584e32787a4936394d633539613941316654624e7246316557525741796779447a586e72727575556a4437546e504870585a526135624d357136626b70496c4d5a6b664335596a30725a307a777a645873596b6d4a534d646156627a54644a58664d686d6341454c324a393679722f7741536174716d55626242624e6a62444178556a337a67456a324e6132646a47396d64705a51365a70647847626551506478444b71687963394d2b6c526172702b6f613641626e555a6c4255626f397841503444417243385078736b6e424a78314a366d7573557378794d2f6a584e4f6f3475364f756e54756a6c72725435394b43695a74385a4845673961742b483751585636383771436b51366539624771782b667073385a5863516d523961712b453348396a33556d4f576343743456584f467a475546475270534865323438446f42696f5849565354327037644b6f3363506e6b4b4a69696a377842715977357447614f584b726b6375704c2f716f49326b6b7a39306471504a764a3138795355517236593571764e716c6e703051697455447959775436316b58563171393762795442664c6755347a562b7853304d6e694f5647314b4c4741625a62706d627163476f76503078386676572f466a584c53524f735563386b344b754e323064616d65434658584c4673444f5161546f57334a6a6932396a65335755687743443236314263575359334935487455476b36622f414767736f5269685138476b6c5736302b5a6f337977393679644f78305171383234696c34323965315478677945647561595a424b6f4b6a42394b6b524e707a753936615a725a5055754b694f68697559784c45654d4871506f61786454304239485161687031772f77426c567758566a7a474f2b63646133494358487a41635675614d7158445845456971592f4c7951526b476a52737474776a7a49354c542f4663317447446557724d674f43796e4a48317271374c78507059387435586145506a61584742586d6a33766d472b645930566a634e7452652f4e5847315a376a527259536f37535248415656504e564b68532b4a696a577150537839413664346b304262466e66564c6235567a6a667a58432b4c50453976485a7263774d6b7a5450736952577754376d764e645031434b4338327932323253544979554934726f49724d3637722b6d61624553424f34566d582b4164367055616334364d584d3453324937505464583853776d38754c6c4e5030342f38747a3059672f772b6f2f7257335a366634563055377265784f7133594f546358707975665a422f576b3132385334766e6a6a4b525764742b35685266344548412f45674373385874716d4d4e6e4870516f4a6243633233377a4f746a3853583069434f475a49497839324f325152716f2f446d724546376353734765655669782f69636d7553747452303479735a55627438774e646270466c5a616f5131687141562f37726e676e306f6b704d74657a5778317569475233554d413748706e705861496d4c666146436b6a6f4b346e536f626e5472714f43386a324d333357423463656f727434327a783756554c714e6a6c72705875687235426a47632b7676574a656548394938524c63322b73615a6133537049565576474e7938635950554842374774755a6c526b4c75716a6e6c6a6971566c65514e63587a7249724c356f414937345556717232304d46666f6557542f446237496b39783462764c71336443574d457372484448504b74317a39633162304878723468307151326d7078506652526768764d415756546e73335268585a546137396833474b324d306a4d52747a3147546a706d754f385857467866364b4c71335879626c78745a464a4858746e72317252564933354a46756d33377a4f6c314855342f4666683433476d52794d5933784a4736345a6364654b31744c5079776651437561384452513648344c33334e787461344c344c6e6e4f4d4156304f6c66367533354a36564c533575557a36472f422f7146726e2f48696b2b42746155452f4e61796450393031304d66384171312b6c59486a6c6976677a56794f6f744a542f414f4f6d6c5431714c31496e38444d6a346677655a34483056694f6c75716a6e734f422f4b7138316f332f4332306b6a5669507353353534487a477233777a334e384f39456374754168362f526a557a5958346e7867483731687a2b4447745a7a39356c78324e7a55782b2f7369442f414d74763647707266643973755377414f56417765324b6b756c42574d6b41375842487452466a37564d526a6b41316a396b585566415a576a4a6d554b323967415037753437542b574b4b62624462457738377a66336a6e646e4f506d50792f68302f436973786e6a4f6f732f774462462b5a46324f626d51736f2f684f343546515a7154555759617666717a623257356b426b2f76664d656678714547756439786f6b483070315135353630384e554e447550702f616f7777707770574b577738444a717666616c425a4b4249574a50514372433542726d64514a6e7679657734465a74366e546836664d7a514d384e35435842797034494e6339663651766d623473427836563046685a34675a7a786b59487654476a2b6642787a546a4a706d386f5265687855326e535267506366506735415944672b74514b704c65396450725156496a75485870584f7153534d4375754f6b54686e4658304f6b30433033516c794f70726f316a326971576a516c624350504249466165303936355a377336596257495854636a4139434b78764465795054623646636c6f356943507057343449483836353754324e76346a31433078784e45736f35397a57744358757549707775792b7a6e4730644b786455457741455a5a69335543743130592b7748513077774b477965616d46657a314e70555974574f5546704a627a4b3672754a3668713349623646394e6e7435454d62375431484271784a423575516576726971456c724a47635a4a556d743157556d636b734b6c6335566f6e53344a4944446e6a4853705569637171716e3375414b33486932794674694848544970784b3738374175665156553676526d564c4270616f304e45573330327a496c6c547a6e4757465537712b68754a4a4359324b6e7078555378687a75412b6275665770676a747a30483072486e4f71474874755a77345a536b624436697441524b79716363393673714d6a376f70384b5a504137316e4f625230716b6b696d4235534d784a43714f61752b474e51646f4e61753242454e764674556e7563566c65494a2f4c43577966784463787a304654337058512f68702b39334354555a54674471562f2f41465672426537633571306e3843366e486547374d333979307a5a3566667a3079613949737441686a3235416173487768596554416d3863343534373132386142414231726d7254664e6f7a72705153422f42576d6176616d4d70356376384141342f685059317948672b31754e422b4c316c70326f355751544656633948444c38754b394d30316a6b594e5a66784d303077326d6b2b4c725a44396f3071356a6163714f576a44442f5035317268616a5a4e5a4a74786655382f3131486a75356c5a5344356a444765754456434c594364775041375636423477384f522f327a637a4c49504a6c6b4d79456633572b59592f5048345679376144634c784751345076585a7a704d34665a796b726f6930654743353153474761334d696e6f6762425075666175776b38484f5935626e546e614b6146664d434b78357856487731706b576c544e6458544670534d42522f44586f46687144764738656e32766d7a534b55337677713536316e4b707a4d71454a5131526a6548664669366a706364687144743973696d5479334b3952332f725864367a4872633176416d6a5378777535506d534f42387134374167316c703449746f6f3753574e56533452663370555933484f66307a572f653667326e76444573526b444c7953335046557270616b315a526239773535504264396475723670724d30334849475439635a3448355672364e7074725a6965434a6e6b574f516737327961755261716b6835686452366d71576d524e4271656f54793852334d6d396651444148394b306933625178314e53306a515135324b4476596344483852785842612f64793664705774334373437958546c4d6a4f4d2f5776513032694e63656d6138323852527953576f73704156652f3150616f596451572f777078767a5843477535464e592f77426d6547744674482b5752674a356338664d2f77417a667166307272644c6c522f4a5648567345644b35443479517a7a3666703174617249306a534435597a676b5a2b74626e686d324f6e326c6f733762574955454d634547726c4b3754476f653563375a426841506175613862794b50436d7449655439686b502f6a74644e32726e50474e737a654764596d4439624a31322f685530704a54545a6a4b504d724762384b517a66445452743251664c62502f66527157596e2f41495768626e736245722b70706668694648772b3070564a4945654f65744c66514650695270302f4f48746d4858766d6e4e336d796b7248557a3432726e2b384b624151306b6a4448576c75546949452f774234667a70363873534d455a7250374945646f59326859784955587a5a415166373238376a2b4a7966786f70384a6c4d5a38355147337467442b37754f33394d555649486831394a414e5876524638735a754a4367505862754f5030714d4f44304e656958476e32747a4e4939335932356d5a6958425148444538382f57716a65484e4a666e3749464a3662585a515031726e456e59346e4e4c6e6d757362776e5934506c7954706e3159482b6456333848726a3933664d4d66336c36314e79726e4f412b6e363039547830725a66776c647267783345544833714676447571526e68456365716d686c4a6d6572646659484e6336552f77424a646a335046645a2f5a562f46764d6c713233484a726d77414c7a626a507a697565576836474561737a5768585a616f6e746b315375555a4a4e33385075617458552f6c71467832726c395475705a5a4d435134394d31704664533272366c54575a53397a3179765252564f7a6a2f30694e4d6678564969744b574a36526a6b6d704e4e584e3946675a47636d756c7651346674486257613467414171316a6a696f3463434d5937314c32726b6c717a64626b44676e72584f61325459617061616b4d624152472f346d756e4b3546554e5473463143786d746d2f6958672b687051664c4a46744538694461434d6257475678304e523765414d5a42716c3456756d764c57545272786c6a314b794f3151546a7a4678314661624b596d4b794b5659635950725257673037725930707a2b79397941495734504146517a525a62675662436e4765654b585a33724e506c324e6e72755a5432775967736f4f4b54374b4363375142394b3144486d6a5a7458417176614d6c524d7a374b756672536d414159712b49386461547963386e69703579306b555674386e69724d454955394d5971783551433855787a356148767832716c4a765148737a6957747064633863505a5167384f73524f654176336d50365971667866647861313471683079304f367a3031504a415535472f6f667978576c466a77646f3939724e7a6a2b316451336552477835524354676b4836697376776a7054664e6354387a544e766334376b352f7258544b584c47787852546e5775746b64627046714c6542565035317137636e4e5242516f41394b6c485775575233524e47776c434f6f393637424c4f44576446764e4e75464452584d4c526b4833466350412b78776665757a30473444736f35394b317737744d7878433075637470634c61723451307435387464574b4854727250587a495355352b6f476170746f75787a747a2b66537469796e7439442b4b577365487267716c7472614a7146706e6a4d754e73674875537566787262764e4f4d45704f4d6a3656317a67397a6e6a5553646b636c447044466743632b6c64626f567531744f4f426a365644484775656c61646f6f4472696f702f4567714e7448524b63714457587243457445777830497251684f56483071727171356852765271336b74476a69576b6a4f57526c48515650464b376e425663565547505772567375547743667057644f704c6d73584b786f527378774d4467567747737a76717678483079796a5079326b62585570422b3732556671667972754c2b38693033533572716474696f70504e65642b427a4a6379366a346d75346e5754553542354150384d43384a2b66337678726479535936657a5a3130396e4665534b3978474a575837724e79562b6871704e3461302b615a4a6a35346b5667774a6d5a73592b7071386c35466e7152395255363345546a68782b6454546c42723367615a64572f64523836427663565331776e567644392f59776e79355a34576a526d36416b564b75317568422f476e65586a7457334c4675364d37497a6641756d792b487643646e7056354b6a545734326c6c36476e616a46492f6a5453376c455a6f59346e566e485253613064754b65716d687756376861374c4e3636704370626f5a464836314d73595273676e6d7167556b633834353571516239793559384831714f5853317962456c7341735441532b622b3863377335783878342f44702b46464a616d4e6f574d614646387951454831336e4a2f4535503430566d493573786c57494d766d6b486d542b2f372f4149304263564967695a46614653735247554236686533365537625850596b68787a547474536261586255744452486a314e4c5439744c746f734d696c587a4958512f784b52586c6a774664565946514e703961395a326334727a2f414679784e70727335322f4c4943366d737174374856685a38736d6a6e39556e5664324b35335a356a353961313951356d6250417172476b59694c6e74317159536437486f4e4a524d32374b77535377526a6b7351772b6c50306f7239736a49484651796e7a486d756c34337467436e51457833455a48474458553037486d7634726e635148355635347166743071685a7962346c49725148544e637a566a614c457854537635564a535572477974597739623046373930766247346531314345485a49687875396a56654c7869736252326669653365327531774264527038722b3548396136502b6c517a32317663774e465042484c47334256317a564b585269636452385832613669456c6c64513343455a33493949384d6b592b5a434b357535384536617a764a5a5454325568352f6375514b686a306a78506145433038535345415943796a6638417a7a55754d5757755a645470736e4f4d596f786d75624d766a574837306c6c636a31614d412f70696d6e5566463466357450736d474f77492f725762677535616b376e53684b434d4433726d54715869346e2f6a7973567a3635342f57674e34737564774e31613267782f4247477a2b6443702b5a66764854655735544f4d4c3674774b797233784c7047696b382f623738484351524863465071617857304b2b753244616a724e7a4c7a796b626256492b67713561365859574557494c6441335463526b6d7459704c5645796735626e4f33454f6f36357172616a717844736675526e6f6939675070585a61504349594d3535716d4951572b596454576e6272744b675535795a635957526f4b53546d70783146514a6e3071776f4a375669336376596d6a4849727266447a447a45396a584a786a427266305359704d507256306e61614d367976426c6e34672b41662b457774375339737278374c574c443572536454786e673450355655384f654e5074676a3050785645756d362f474e6a70495145754d63623050546e726a74586f4d4c626f6c5074584b654d74473033584e4e6b677672534b63386848497779483142484972314e726e6c55336438724a5a724e306c326f43652f4854464f74324b7467384547764b626544785834656b4d656b6137634733445a454e306f6e5436595963443656306d6c654976484572596e3054536277347957696c65456e3838316a614e3944736c536b6c756a3143326249465453524a4d6d325264792b6c635261612f347459722f414d5566477565702b3335482f6f4e6161366e34736c5534304330684f4f433933752f5441726553366e445567302f2b4364416c6e627039324666784761673144564c4853625a707271614f4a56476345675677467a71486a2b2f6c4d5433756c36624543565951776c332f41444c592f536f6254776c46357133477236686461744f446b47356235422f774559422f4773584f4b324771585673585564517576484e2b734549614852496d426c6b49775a76396b65337658545271736361786f6f56454156514f7746517867526f71496f565647416f47414b6b584e633870585a647262456f354f44543971343644387169485770464e4b347452776a512f77676539534a477778736c6b422f33732f774136614b6b5531536245376a31453266384158452f56522f5370513977764879456654464d7a5431503456764770335a6e715372634f6f2b614d2f6763314b6b36737747306a6e754b69584271525238362f5775685761754b3561684d706a506e4251323973592f75376a742f5446464e746771784d466c4d6738787a754a364863636a384f6e3455566b5359754a474f365a517370356452304237696a6254305861696a7a664f7741504d2f762b2f343961646975646b6b57326c32314a74706475615668334939744c7471514c533761426b59586d75633857325450624a6471503955634e394b366a464d6e743175594769666c574242704f4e3942786c79753534334c6170644e383251666171657161597364747468444441357754577a71326e54614c664e4351664b4c6675322f476f4c755a3975414151617853315052556e4a626e435176736351795a77704a4f616d335a6649343534717a72734b2b656b3853386e6877505771634a506c673936366f7536736330744871645870726e796b39653962494f55726e64506641512b6f7262684a32386d756161615a6353787534704d30777437303079674848576b62496b4c476b4f534b5948794f4253676b6461547357684e764e47334e4f7a785364717a61736171343071633961594163314c79314733465a366c6f676150766b2f6e554567326a494e584741414a4e55356d6f366d714b7a4544754b68636a47425137676e474d30516f586d41786b5672463251616a34553442787a576862786b4e754e5068746836564f497470774b62625958524a48676a4e5472317a5561726a6d70523071624e454e366b69396131644d6b437a4436316b6f52757252736a68775236306f2f466355745932505264506b387931552b6c5a47736f30567a3869664b34335a7a314e5874486b42677853363562744c594e4c486e7a496875474f343731366a393642354b393272716371595970704f5647652b4b30724746596a6c4f507057466133496d59376337733856304e674153756534726d684a334f75724670485151594b446e6b5650566133776f473370566d7532573535303171636265452f77426f3341366676572f6e545661756b6c3065316d6b615267345a6a6b6b4e55446144466e354a6e583667477557564b567a56564932735977785478576e2f4147457750797a6a3856706e39697a6a7049687148536b6838385369703571537242306d365870745034306e396e3353395979666f61584a4c73506d58636a5531494b513230363959322f4b6a593639565034696e61533643756959597034476539567778485555385341554a39796246704b6e56666d552b395659706c7a56754e673233423731325570726c735a74457471554d54474f4d786a7a4842423964787966784f542b4e464f68383359664f3237743759322f336478322f7069696b535938506c744247304b4659696f4b4b656f5848412f4b70414b5547526c426d554c4b526c3148514e334835306f72467255674d55597063556f424e4e4b3478744c696e59356f37306d686959706158464a52594c6d5872326b52366e59734e6f33446b636436387576415937686f58484b6e4246657a6a4f4b356e58504353616e503970746d574b59666542484455716b4739596f317056655863386e314732457473794c3935526b6e32726c34333274747a3072304c5666444f7671386b467661687a6a6c7334474b353465433732796a754c725554733873594d635279632b75656c52546b3732614e5a745055683032637177427765654d3130596b50424134726b374b525972776f2b4151654b365248337144307056647877324c44535a464e79516574526b38593731466b6c7179523051324c5738394d31497234484a716d4777334e50332f414a597154534b4c676347675056525a4f616b56736d706b624a466c434d30346e484e5630666d704763597143686b30674334724e754a4f616c755a654d4169714a4a59306b6172596864694d3172615567614c6333336a30724b6c516d7246706547434c596363644b3169544b396a6f3467464235705a47774d6d75636c316a7978393750304e5a382f69686f6d326d43597236685352564c51697a4f77535a665770677749344e635261654a7257356659484d636d667576776136433276636e6b6767394d476d7850633256505057744b7a59426868753959717a4476337135627a346173586f7870614866614a4f4177553936364c676a3142726964446b4c3343594f423171374c347673675a33686d447851355864324c443072747056597148764d383674526c4b66756e4c733677616c6478526a35496268347752374d52585136644e6b4b546d7552745a7a4c4a4a492f3370584d6a5a376b6e4a726f37456e4b344978584e4764355852325649576a5a6e59577a686b425867566156754f617a72466d4b6b656e36316648414876587078664e464d38756f7453536969696b5a425252525141555555554146474252525141306f683671442b464d4e74436573532f6c5574464145427334442f426a364768625645594653526970364b456b68335a446168424577535179447a484f5365683348492f413866685252624657695972455978356a6a6152314f343550346e6e38614b4247624775324a4235766e5955447a4d35332b2f34396166696d776d4d77526d4a436b5a51464650554448417151444e5a5764374543444f61654253347061365951734b346d425337526e70525468565751495462534252365536696979474e43344e464f6f6f535332455a2b6f516c774d534e477244613548702f6a5744712b6e704e6f74314a4975566c444b69663367527750586e6a383636653867467861756d6348475161774c7879644d6b755754397a62706c41773564774f422b646374574e706c70364867307051586b766c6a43785474486739654749782b6c644a6173664c555a7a786d735858624b4377756f6a62627354494a334a3779506b746a327a5633545a6d5a43543663566a4e61485654334e426d49596d6f32626e4950464e6479656f706d543072466148596b575650516e306f4c314748474b5a492b414d5569346b75384c5567666a36315365544f4b6c4434576b3061706c6c5a537449383578565a6d393661583938316b3171576d7242495335344649696338696a6674353965314f38796d6b506d514f6e3556444c474d564d306e4754774255426b3368674d63567046575a446d696f62634358505556625249576832736f4971684e63375151474761704e664d465a6133534d7056597251315a744b733578754b38396a6a70526277765a46536a6c317a305061737948554a46585957713548644139477a6d6c4b467451684f4c4e354c72497a75427a567932754e306741504a394b784c4a444f323079496741357a337275504432673232355a5a35504d787a67567a797075556a643149526a646e52364c7038736d6c76497864424975304564656653736a57644453433145554b6b52786e685258665171707459315447304b4f6c55395274424b75514f76555972736e68556f61484248454e53756563324b5a7776636461367a545963757148754d31536253667339305855664b773656756164435664665563437557464e706d315771704b364e5854304b784e6e6a356a56713252774d79536d52752b5142696b6a3267424d674e333471776f77656c656b6c614b52356b33646a714b4b4b444d4b4b4b4b414369696967416f6f6f6f414b4b4b4b414369696967434f487a664c506e4653323973592f75376a742f5446464e7451697773493543362b5a49535436377a6b6667636a384b4b414b436d5171444d414a53506e4339413366483431496f3730794a4149597773766d674b414a4d353338646678715144464f464e70335a6d324c5334704254713245474b576b706151776f70614b41473055744641425849654d705a577447745969465541467a6b6a6a505165396466584f2b4b6f6377525371514d534175534f6f484e5a316668484863386c3865577132302b6d7067682f49487935484141474d2b6e2b4659326e7a37585643774363675675654d39742b30576f5274756b32685a56436a426364667747515077726c726468357535683050617564713862485443577076752b534d554963484a714d4d436739635537634e674e636a76314f364c52497a383471753735624861686d357a5562454275446d6b576d53656d616548414f6531525a79744b34496a79667971747a52505163383459384846566e75676a446b5a394b6f3346775933774f7665716331344e32546857366461714e4c6d315a6a4b747975794e2b613668533338777438337056426453473048746d73656564746967664e755072307036376e4658374a49796c576b7a566e31506668562b3736315461366b444e7463344e5247306b6c7773592b6274786d7443333065636a447278696c6f6d43357047524c4d78526876777750426f56447333626961364565483049334d324d302b4c5134426b4e4e6b306f7a613348374b544f58646d484b71783434414e5357666e4c44766c647478357763636531644a633641566a33784c6e484e5a52744a582b58596670696856453979765a53533048574e3838556749626354307a586f4f6a36325959567879784942776542785843614c6f6c314a75556f54676e42507561366930734a7264504c6546735a7958485666536d70786578546930724d3950307a56735246466b5571447875484939717653366b57584943376c366a4e65645772586b592f654d43474f346e48663070477562727a30624d6b5948515a7a697476625353736a443265703644357133534630414958672b315855684b454d7650793768697546302f575756796b6a674173426e37753675316b756d59573974454d797341632b6d4b49705375325a7976485130624f564c7553523970496a6261437931645464744f37314f507055466b754c664a7a754c45746b59357a7a566d74376e4d39776f6f6f70434369696967416f6f6f6f414b4b4b4b414369696967416f6f6f6f416874694769597246355138787874786a507a486e386576343055364553694d2b63564c6232786a2b37754f33394d5555415a3842526f497a4768534d6f437148716f78774b6c70735a6b4b4c3577416c774e3458707537347031624b316a4669696c704b576d4d576969696b4d5769696c70414a5252525141327337573764626a537067335a5352576c554635423970744a4963344c4467305356315945655032316f4c3751745333707a756c387339416935344665664b78326a6a615365525871576b744446705772576433506c6b6b6b4234776574655645354d677a31504663724f69466a5474376e657a6473644b74682f6c42373572466866593253656174724e68677a636738566a4f4e7a706a4d306d624b35417175534430504e522b655277446b556e6d685230724c6c4e59794a3433586b453869706e5a664c4f4f34344e556932517267446e697057793637523078317070476964305930323535574a3478783961726d454e77793847745234674832347950576b467343654d317247566b637a67376d513873567551724d462b74574c6538745377426b585059413961306c30344e6b6c63672b6f7143545255332b59677777484241716564334e564475542f414e71724874454368534f357042724630636753415a70626131514b466d5450474d6d724130324275465567665772736d58474d6971626d65516a644d33344767504976335a442b645766374a42346a63716651303964496e364135724f5369625255686262565a344d426a7558304e6143617462377437573479666573397447755659664b65357034306d38595a574c6973576b396a56516655316f4e635a587a44456f373478585236543471735a324546394673336454697561307a5172316b2b52414a4363414531315668384e7279514b393350476d52754f423072536e536d396a4f713653306b6447527046314269325a53434f4f656135445537753074726c6f544a6c7877464235712f4e344b314f43356b6874727834375a662b576f413356685165447a59616c4a3531784a4f70596b732b53542b4e4f664d6e5a6f35347870373878314769574e76634a756b6a4c785a334e6a74363130476c694b38764a6c5a47614f4d414b78596767594242422f477332324d4e6870666d6a4b352b554b6534717a70364331753167444f714f322b4e774d6e615477702f2b76365630553761584f576f7a737257507972614e4e7a4e676457362f6a5531496f32714231774b57746d636f55555555414646464641425252525141555555554146464646414252525251424261694e595745546c313879516b6e31336e492f413548345555747351305445512b562b38636263597a3878352f48722b4e4641464b414b734d5957547a56436743516e4f3459362f6a556c5277464442475551786f564256434f56474f6c5356756c6f5a4330744a533041464c52533067436c704b4b51776f6f6f3755414a534562686a313470614b59486a2f694730476e2b495a6e5a7a4a424d706a654d48424242344f66784e6561465756574459335a4a4a483172316e785a702b3261376d4f47594f5368666b414874586b69644e75507538477552376d305142396163487877667a70684734626c375567624f4f6e486169786f6d79317535424c55416b734f657653713462614d4563314b6a34476366537063555847544c425a526a6e703271654f515979704e564547656364656c5375323531436a474b7a61736a654c5a4f666d50465378786a6a465278726d7056794457545a756b5759386864764f4b65514365654b69567a324e4c75714c737449575256325a774b6a696b7750536c6551415971737a416444576b57566f6a535278393438316f573179716b62687858505258424a414a7856754f664c597a6d686f30684b4c334f6d65356762792b6e796a6d72437a51704d4641474f4f42584d4352736b6a50734b73704932374a4f31716e586376335772584f2b30363474494c315732626b334450746b4375732f74534e517533304f423764713876307479526c3250584e64464263466c425a734450487657394f75344b7877563653624f6e7564525734694b415958755365745a4d30534d784f334f65344e524b3063725956754b644a6d4f435172305566354e544b626d3954477969694339534f36747845427553495a594473633130766835466b742f4d6b506d545234547a43636b3843755a307942336775504c554734423542483367656f2b754f61367277374b4a724a7749566a434e7342582b4c4664464e574f656f7a5a6f6f6f7251784369696967416f6f6f6f414b4b4b4b414369696967416f6f6f6f414b4b4b4b414934524b49794a6d444e7659676a2b37754f30666c69696d576769454c434679792b624953542f41487435334438446b5555415645387a59766e593833487a37656d3776696e3148434557434d52794752416f4375657244484270396272597a48556f70744b4b424330744a533570414c5252535544466f6f6f70414170707a6a6a7254714f314d446a646569597a734a563278746e4445634831727844567258374871733975447747394d593656394361394372323071754779567a476338413134703477685a50456c78484c7777436a39426d755353744b7872426e4d67386b436f79446a414171772b304d5142696f32514145353570376d67785353656c53727a31714653467a696e71354950474b52555335452b426a3071614c42624e56464a79414b745245644f68465a564c6e524353366c7267644b55476f316b56756c507867317a7535314a706f6675787a536951476d67416a46486c6a7361415431456e364448705643546436347136346242397171584841716f45564f35555a6d7a6a4a706e32695242386a484e545933436d4246487a487165414b3161756a44564332392f6371517253483575677253743769376d4b3966657164746173382b4d5a4f656e7458525746736432654e7050474230724b334b72584e344f573572365372684f574959646a58513255586d52356c7a3139617a59625575694b4d71784936437567747256746733644277434f39547132453546693369574e4474372b7457376553465a4a456372787479543730794749786f642f595653696c694e7a4a4c4d47546532324e38634139732f6a57314e616e4c556479534a3369316c4c465743535334565a41426e6b63357274745074425a576977676737654d67597a584d3255717a61336273596c4d7737736552336239613638563152324f6162466f6f6f7169416f6f6f6f414b4b4b4b414369696967416f6f6f6f414b4b4b4b4143696969674347324f364a6a35506c66764847334858356a3833343966786f7030416c574d695a677a623249492f75376a74483444416f6f417a345347686a4b786d4a536f496a497874474f6e34564a54453830496f6d494d75506e4b394e3366464f726f57786d4f6f704b57675668525330677061514253306c46495936696b6f6f414b4b536967526d36314748744d2f785a774152586a506a6441664555303672355a4d616e793279542f3841577232362b6e68697435476d4f31514f535458692f696d6550563957754c2b4667565a63636444697554454f7a7561517563584d4e3773514d4476544152355a58726d724d2b3149386f796e50555652414f4d5a353631455a47326f68584277652f536744484234704365445232786a6d72734f4c376b2b344b5267314b7268636e4f617142674f4b55506a725361754e765575524d5335626b443046614d414d673436597248536368734467567057743373556a48577370524e36632b3566386b69504f6161497a67553243354764723864383971663971486e4971454e6e726973476d6a6f556b4979466c49344847616f50454d73574f523272556c5a4368584f4b7a5749456852546b446d6c4734354e57487241504c4254487a646339716853414d536344495046546d64646d7a62313570594a3054647541446473316f72746b586979337030556152504b51532b613633546247475742504a4a56694d6b47754a6137455579414e38354763647561334e4731646f5342492b4d644f395331334b646d7444744c6579645a4d4d43646e6356753239756752513243543046595676725563636763344a626e6165754b75536176444c783978794d31617363306d7937664f49375678464a795278785764625469526f7247534e6c2b63377364572b6e7656432b76544e6b41376b77535756755062726e394b66457268592f6e426b417957624a77543272614331495a30656d377637576857324379322b636c3975534d44312f4c38363636755a384e78734c6d5630503767714e716b636a2f3631644e5736324f6157345555555578425252525141555555554146464646414252525251415555555541464646464145466f49684377685973766d79456b2f3374353366726d696e57354c524d544635583778787439666d5050343966786f6f417a344169323859696376474541567a315959344e53557949686f593245586c41714349385932653334552b7568624759744646464143696c704b576b41744c5343696b41744c53557441435559706171366c6470702b6d3346314a39324a43314b346a796a34702b4a42617953616461535049354f5a51687763347a67567939704274304b30426c622f5668796f3767383169654962715334765a4a58596c79334a4939542f3965747543355561504645715a496a43627364774b387971323363366153304b5631466267497751416b644b7a5a517537634267644b7473736a416d55354b6a74564971575937636e50623072536e73584a454c68514f65635545594250544e544e44764a436a4148424e5254594132446e3372564d6b6950546a714b597a5a474f687077544249357a5559554b53784f44547551376a313443676d7261546856774b6f6879546b6a413961557343416339366c786248475768654d72486e4a3571534b625a3034507257663570794f61476b4a626873564c69614b646a556b75354347556d6f56507a4d536567363157387a63767935507161636b6841494a7063694c35376b72797346334138696c4d7a427334424236696f773859492f69787a6a74532b594a4f534658505955755455584e63575366652b37487a63597258744a6e516f2b7a42412f504e594a5570496335396a566d3376326d733474726b414d55492b687852374e73617157646a733761374d69694f557130712f65476563476c572b65326d574d79656247446a67664d762f77426175616875477435384d44766a507a5033504e587268584e7775325937694d5a486f655254564b78546d72485166504e636f466b4b4c4a6735554435683659375630656e584c4f7252676559794e673775366a2b7463335a4d5a6f497a674a4d7679386a6e6e7257725a79655663376b566a6d5068735935417a7a2b4a2f6c5731744443375a364634655a4a5a486543543932674b4f754f707a6b666b4f4b36477556384c5845556363696b76796346694f4d35787a3731315657746a4e376852525251494b4b4b4b414369696967416f6f6f6f414b4b4b4b414369696967416f6f6f6f416a674569786b537548626578424870754f422b417750776f706c6f496843336b6b6c664e6b7a6e2b39764f373963305541556b38774b424d515a51506e493646752b4b654b676738745959784378654949416a4871526a67314d4478576c4f5679474c53306c4c57676861576b6f7043467061536c46414330744e706151433178337843767a467043324b456870636b34394258593135583433757a5072307777635244596f7a3664617a714f79466578354c716a4d627341756373636b2b6d4b324c43587a6262614742347742574a723532544b36634545666a567a546267522f4d522f4478584a5631566a616c4b37614c37423459437369344a364d6171592b63484f416130626d4a356f317732546e4947656c55376c4869554b52794b7970794f6931797134326b675a46566d2b3653617353636f4f53633966616f474a37645430725a4373516874337a444f514b6a63686b7977715a2f6c5563636d6f446b4b656c6178496577777541767454504e42626142386f6f6b436b63384850576f444a3552494a2b6c61704a6e4a4f626a4b33516e6b6b56463348703171495855557056564a4445386356586d624b425231595a7157316a45466d323459366e5055314c696b6865306370574c686b434861446a317077505050657377794d38616b4835754f6657726b55344c62575051656c5a7a70753268645045526273797975506d47634145564c495632747450627256614f52574c34397157513768676b3437306c477830786c645852496a4d38537153574b6a47665770345967734a516a6a4f632b3956626156486b5a464a34373471365a416d33716170626876715834675a4565566e4959486133766b566f577330557a323079676c67504c5a543372454d7855766e37707254744952627a627433797a414d725a34484e55444f6b745a6f4a4a464d65304d4a4e6d57626e4f5350797066375a6e74626d37456978676858424236484277324d666e57576261415763725246687363794f5734596b6363564c65524a4c62366849714b536d4430787a332f576b315a4454566a714e503861517772494c6c435649414a4278383372586f2b6b654b644b31654b50794c70504d5a51646a486d766e645a516752336a4c5175693773396a67564c625855646e644f786337414e3637435156423655527553346e303952586a4f672f45533730706f346275583754624f4d6773636c42364531364e7076692f54645152535a504b4c644d394b6f673643696d5254527a49486a6458553943445436414369696967416f6f6f6f414b4b4b4b414369696967416f6f6f6f416974325a6f7957693873373347333147343450343966786f70594249735a456a68323373515236626a6766674d44384b4b414d714d376f30506c65546c51664c786a5a37666830715a52785446457168566d594e4b4268794f68627561654b30707773376d62596f785330326e567059567861576b7a533043467061625330686930744a564c557458734e49674d7437634a454d5a436b386e384b5430417575346a6a655276756f70592f6858697575337a58392f6358425471534f763631304d336a2b343136573574744e68454e6c466c586c626c6e2b6e70584858445a567a3379635a724a766e65686c55656879327451626f6d63664d414f6c5a396e49646973426a6a765737657157686b51494d34352b746333627346426a4a35516b453168556a6f61303565386b6251314a67664c4858485772416354664f58425944706d735575426a6b48505539366e5355526b454e30726e6a426e596d57354757526c555934485046553567413241656c575a4a4970435755383752565232475343656e7257364352417a45714d486f61617a39526b5a70727978724951575864376d6c4c4c6e714d6b566f6d597469544e744178697146794178414979445675554c4e4741726745565862796956444d70774d45356f63744e444761636d52525173387973334b4b4f425538726947546170774747547a6d6f6e6d4b53684970595171726b35503656586d75556b51534572356d4d63487057715465354e6c4661626b384f31343839574c64616e514c3530767a6274716762666571466e4c475a4973736f353961307759556e6b4a64647a5937304e6136446a545539624437654c616d5431626b6a30716352386b4841706d35564f636a6e33703463467557586973326a6f68446c566874736a4b376273625153462b6c54534f6339754f6c51764f71715178414831706979704a743275442b4e4962614c6c75444e694d2f4d354e62756d7a4d31714c5231593449554f4439797565734c6c48754a416a41764877514f787257736265656639334557386c354172746a7056785153656866654837624a4662724b323454474d6b6e6a723337486f54576e59326a586e39705774724c4a4e4a3572677579353341646638617252574d723368696e56597255737a4d56506f426b2f555a505074586165416449614b326d4e776e456b4c50356750512f577155626d616c593478625747796c61337573463366626b2f644148616e79574670646661507372625a776851783442423539365a346e774c2b58595632732b3842755079724168763534626c5a4979566c4a3539445532735671784c6d432b30356a42634964704f374a47656659397174324f715432637a42585a527535424e6446616170702b70327270714d536238625748716657736e587644373255636431614b5a595439353135492b6f6f6261425354334f6b302f786e50613238556b55785571634848537533306a3467704f465737514e7a67736e55563449747779376b4441443071396133726f2b355835487653357568584b66546c6e71316c664439784f70506f65445632766e533238545352464745705677665775333050782f4b716753536231484244476e636d78367052574e703369537976674158435036453856734b79756f5a53434433464168614b4b4b414369696967416f6f6f6f416774504b386c764a4a4b2b624a6e50393765643336356f7030425a6f79586a455a33754d44754e78776678485034305541566b307849375259456e6d473341456e793773447430782b6c536d79517949346b6b43714f55474d4e39654d2f6b52525254356d4b7945466b6f61516d5751682f756734776e30342f6e6d6b4e674441492f7445775948506d2f4c755036592f5369696a6d66634c49656252544d726953514b6f7759786a613331347a2b5270467377444c6d6155372f7535322f752f70782f50505369696a6d59575130324f59466a467a4d4742795a51463348322b376a394f31504e6f444f73676c6b4367594d5978745075654d2f72326f6f70585957516773384355476555373837633766336630342f6e6e70584f333377363850616c4b303935486554584466656c61386c795236593362522b41464646463244696e75507376683734623039544861326373634c456c6f6a63534d4366584c45742b52706b6e7735384e7a43547a4c575a69326348375134326654422f6e6d6969684e70364363497664455a2b47666863787872396a6d425447572b30795a6241787a7a69733976677234436534615674486c4f37716e323266425072392f5036305555397755556e6f686f2b4366674d4b772f7371636b6e4b7439756d796e302b662b6561552f4258774b56556632586341672f4d333236664c2f58352f7743574b4b4b566b56646a312b4458675a5a7434307166626a415437645067652f33382f725454384750413749346654726c6d592f664e39506b65772b6648356969696c5a44356d2b70484a384566414d6851746f38705a6676453373784c2f58352f35597052384566682b4a692f39697962534d43503762507448763841667a2b74464641686f2b42336745524d6e396b544669636951336b323465772b624836554834486644382b582f774153615162667659764a766e2b767a667978316f6f6f415566412f774348776d5a7a6f6a6c534f497a655459482f41492f6e39616150675a38507843552f7365557354784962795863502f4873667052525141702b4233772b4a6a4930575162656f46354e382f7742666e2f6c696e4434492f443853732f384159736842484347396e7776302b6650356d69696d6d77452f34556a3444386e59644b6e4c6638395074733234662b50592f536c507752384146304930615142657169396e7733312b662b574b4b4b6432463249506766384144344f3748524849626f70764a734c39506e7a2b6561516641377741496467306959506e2f5743386d33662b68592f5369696743654c344d2b4262655a4a494e4a6c6a326e4a566232664448332b65744c54766878345a30704a55744c535a556b66654661356b594b33714d6e2b65614b4b47337346795676414f674e44734d4575376e4d6e6d6e4a42366a4854394b306f2f44396844416c7443727832716a2f554b2f796e366e37333630555572734c4750652f446a777a71506d66624c4f575865414678634f757a485447306a396331516634503841673134555132563047516b2b594c36626366384178374836555555637a376753782f43627764464f4a49394f6e4141356a4e374d796e3335596e3961317266775a6f7474444e4648444c736b4241445373646739762f72356f6f6f626233465a47484c3848664255712f4e70397748335a4c72657a416e327747774239414b4238472f42437a423130793456514d65574c2b66616666372b66316f6f6f65753437736b5834522b4456336e37426345746e6154657a664a39506d782b65616c692b46766853434e466973376c53703562375a4b5333736374302b6d4b4b4b6159476a423448304b326d3377323879726a486c2f61484b2f586b352f5774533130754f7968654f436563626a6b4d57424b665449782b65614b4b414c42686b4b7867584d6f4b48356d41584c2f41462b582b574b634933383879656449564978356546326a33365a2f5769696751775153434a304e314d575935446b4a6c6659664c6a387761557779455241584d6f32666549432f765072782f4c46464649593452754a326b4d3868556a416a4958615066706e396159494a4241305a753569784f5249516d356659664c6a3878336f6f6f416b686a4d55515270586c497a6c33786b382b77416f6f6f6f412f2f396b3d, 'Blah Blah Blah', '2017-06-22 23:12:27', 'useradmin');
INSERT INTO `UserProfile` (`userid`, `fname`, `lname`, `email`, `dob`, `headline`, `current_pos`, `highest_edu`, `highest_univ`, `state`, `city`, `country`, `gender`, `phoneno`, `image`, `description`, `last_updated`, `updated_by`) VALUES
('shamsi', 'MS', 'Shamsi', 'xyz@example.com', '1990-04-25', 'Anonymous Person', 'AP', 'M.C.A', 'mu', 'Maharashtra', 'Thane', 'India', 'MALE', '9889889888', 0x6956424f5277304b47676f414141414e5355684555674141414763414141427243415941414142716735794341414141475852465748525462325a30643246795a5142425a4739695a53424a6257466e5a564a6c5957523563636c6c504141415776424a52454655654e727376516434584e58564e62796d4638324d52723333586c336c4a6e65774d6358474e714546516732684a4242435377496b6c4641546b70414b4953454a48577873593844477658664a6c69315a766666655a7154703556763361477745372f386c784f52392f2f662f6e387a7a334566326c4476336e723333326d76747338385a6d642f76783338652f7a73663876384d77582b4d38352f4866347a7a482b5038352f452f3946442b443332504c4f414943683671775064716565683436414e4845412f6a784f453354667a31384b2f5835505636544436666d3465482f3359487556774f6f38746c353266394b766768383370396371564b3466643466444b46584f615451656158796556756c56706a5636753156726c634e5361584b36572f466f56434f637176482b476c57506b6459377730432f39614177662f447a7350477739483448447a385044773876447838502f2f7754697953582b5641634f6f4a786c464d6f59706342676e2f7670444f425a52504b49425a7954484b63526d7477523364773048645864624e443239446d56546f314e5a56544771626d6b5a554c6f386273686f636f2f4849394e6f3548366e55795a544b6c562b61516a56616a6d5355344d392b51554756334b7932524d5a7166584578686963385848685978717461516a5138464433382b6a6c356647766a502f485a454e4a78336a4155453465726b6c473876395047456e323330696c355946444d6f776d594254394a4b4f5965595479694f4139782f4c2b3432694d7544484c514d53783478334278343933366174722b7257644858616c31654b57757a314b6d554b706b7758526a42715641714568526751467165483365794464673177757036466f66373861507238504e70734e77384d32574562394e4a346448712f507a2f663477304955767253304948647554726874646e486b2b4e5170305661744e6d79416c39584a532b7a674a58667a6d76703444504d5944527a6a6759697942777a6c6e57536b2f383859527a62705541596754444b4b59564b5542504e676443434239356c4d5a30337336656d4e4f4871304c654a3057563977785a6c4254587537525535636774466767446e456749794d634b536e527945304c4252476b784a4b705265784d57454943516d43312b7546302b6d47312b4f46527175416730416b4763727238364b33787749726837617672782b6a566a76614f6f6252324e434a735645373748596e35416f355971494e337478637333507139416a4c334f4b3476756a494f427247314d5a4c622b45317467634d4e66716c714849456f736a7a33776c312f32376a4b43626c4666576b4b434663495478676c48684365357256307064615874345a5831726147563565337165757252325244772f374742456d4642544759387155654f526b52794d71526f6534654131305769577356712b496b7043515541774f6a65444d3655596f46436f614c773536786d524852782b7973704c68636e7652337a2b4b354b516f6a466b734d4a68437866685a78676252326d5a4662356354396655444b4476566938724b486b6258454a3341683477737336396f5270786a3674546f676679433245366a4d624b4a7439444159656f4947476b67454647575358446e6e7053502f74636135387447435170416c3251555170614855544b654d6a51386c4e6253334a613664303954324b63666479764f6e72556a504e4b453262506a4d5764754642597653555232566878634c67566879514b6a5559476d706c34634f64794b727535686849584a7358724e51727a78786d3773325855474b536c786d444d6e45794668536e7a3434516c6365736b4d4773644e492f5268666e4542746d30396a547676766868756a354d4731744b514b526759474b59787454785561476a6f776434394454683871423048446e544236527048546f34576c31345736376c6f61647067636b705367396b633273673053554d704746486f6d6d516b572b427754544c532f79726a6e474e6936693942574267504a6e56666f742f7679484b37682f49374f39745331322b6f43486e6a37363261646f4c47314b6b785748315642745a63576368425a6c444a4642676647386568493158597661635735576471634f7574733146564d597939653575526b52324f36644d6a4557774b787359506a324c4670584f772b73725a4f484c304e4d627348727a2f336b6c346e545a45787871526b68614849493042762f7a315074783139335430443351684e54305252544f7938636f66506b464565437875756e6b52706b31506855776d6739767451465656433362756173436d6a65306f5039324a7448515a62763932746d504e6d747968794d696f5270584b58436d5461577435752b6667626a415152574f54534d4f2f44655955547a3735354e63317a4751575a70774558307a7976697a6d30466c6a5934327a2f2f62586f2b6b2f2b45473565654f6d586c566d6567682b38704e69505072594d69785a556f4167677872373970324379615348302b48465278744c734864664133516150623733766457774f58306f50646d43694e4167354f5a455173506e533072374542305451736a7959632f75302b6a7664574e38334966457045516f6c48723039744b68355571597a484c7332644f42354d5255714251794844705569647a385645616d4569644f744a41734f4446754779584d6457486d7a46773654444c575870574e7641493971696f48384c652f74536c33624f384b55716d4777334a7a64424571645244766b306b504d6c2f414b6338784e39386b6150742f335469546d5a67756b4f676a4a69444d6e384c726e4559454b4e3678342f6a30422b342f4676502b6531336168506767325833337a635644447933486b7158355a465232656d6f4a53472f78374c5072304e6f7968494b43564f546b4a68432b744e69786f774b5858444b56696475426b3655316147385a67644d39546d694b5247526b474536656245424e6452746d7a736841564651776f792b45673574454b4a5154756e715a6a33785974576f4b64752b755152796a796538625a39345a7877386557497657316d454d44646e51334e53426d74704f476a7949555a6c4b4371364549556a4836306a42334c6e4a69496e566f4c6c6c51506268756e354e61576c6263467938497a77783055433431744570355a4f4e4d546c692f50384f4931326f6363344a5373326b33424a675950346352766e737672373632582f3877346e6346352b724d486430654f567272797245417738747774565846784736724768715a6a4b75617358363959655a354a554944772f46715a4e744846415a6c6c3555674f546b4d413771635552476d4a435847382b49434b6642676a4639526a706d4632585249476b637542426b5a535a673266495a4a414b78794d745051475a5744464c5449704752475957387641544d6e7058467a366c52584a7943594c4d656261324461476e705138335a4c6b52457174445933454f59444d483131793941634c414f5a3837554d35397451336c35687a4451705a646d497930746e465163324c652f5262356e54367642376261465a5763727a5671746e6b354a58555564504d6b346b2f392b4c514d70763062457141503535567a456b49583563706b6e5a3161554e786138397165793648587232355678635646343670465a75506d5741696a6b65757a596551723739315669634e4243474e4d5262754b7766734d705848334e584e67645474545574496f764361474f756566755332414f4e6945394c556b6b387056586b50374b4e654a3168384f4634766b35676b71505763594a5a536f78436735796161565369594c386445616351727a33573939614b763761624134615834306a52367152545359595a505469564a6c4c306b4238336b76693059552f2f576b62526b5a73644b423239505261384950374c384f6952546c5973444142723730576a6c2f2f3867536565376243304e637a6c76504e47386443636e5054365a69304f755471674d4f656331784d4571362b2f776c43494a73455a5961416949774d734c466370334e67546c6c5a37645358666c455238736c4851374c565638666769616357495463726b7a64734a5a5230345059375869454552634872566b47725674416f552f484268325563644959672f6644716238776c4779734f4f4a784d2f42305a73634d32377562676a67753650447a7134626d474d475a316b706d3534484b4d51782b6b3579444c6f4b52423544492f6f553244704a5249556e4d746f7150445954426f78584e476f2b37387a5a77757138656262783745304c4156303662475538544b6d474f4f3443392f2b54374a51534d2b574c6344643935354b59706d307247554370494941303463723858506e6a3649412f7536734f4a79732f2b424236634d545a756163306174435476476f616e6b615473445a47456f49463664415150352f7a754e492f73536c456d47695a364947452b4f337a383466392b2b3034552f2f656b706333573143392f35546a4c75752b3879446b7945594545624e757846516e77636d6c713663657a59455038644162505a545a3152692b2f6463786b4879496638676754716d795161536b6b5261616557735168344f584b344136556e4f74425933304e363753526639554f6855694b45724531505a5046345063496766682b665638704a4442775948625843342f5a41725645684a465153736b626d46496c325a7a417678534d30314d6a76555a455965476e6f4c69622f5a745457447045774e4f4b474736667a6d757651324e6948745773583438442b656c695a48362b2f666845755a71377336526e4769793938786b6971786f775a4b6a7a39644e48496f7358547932577938494d636f757141654f32645a43445868565155767170787a74466c5661414563383477535a4a68535073586274705557766a6f5932556d6930556d652f37356d56697a657236416b57726d46516470626d506a414a3539626875656558594e746d3439777a7967775130337a434537387a42764a4345694b6851366e596f36593479766c2b486a6a797052586d46466439636769466849534452536c4559772f3651694c734849664b4554524d49636249545436614b516441703949304861324a675450643044416a7048526e3034553947474368356437654f384351336945304e52564253467979354e4a6547594168557074357547374f73625a5354744a75796452555a36474d496a6a4b697436304e4362417266417a513274444e6e7a73664b56585049426b667736717662384c7666314e49425666356e6e703079756e704e30526b4f7a583547454f6b327a6d6d696b59415763762b724e507572476b6352674c4e7a7245777944426d5a4a3438355a73454837356377596b704452693079505070344d653737586a4736657978774549626566757351397578745148704741756a73364f7a71513378734541656c6b446d6a454748686f65494c2b67653638636e6d477178665634457a35653077474e576b7a6448497a593145495430394d59454d4c637149324e6867614c557141555739394f42524773564d437036626c2f534643335954377153796a74507035376c4879643747616242685269493154455558717175374d543769512b47555246783154543675584a3250384c4177766d2b557237564453306335634f414d4e6d382b6976752f5234666164675a3667356645496773705366474969772f6a64656a77393738667779392f635954774b634d7a7a3830645772316d54686c6c3369454f6d51527855674c74435a522f375039712f766b71787046507170455a417a6d47492b4764777167743372766e35497a766672636b7844716d70473470786b30337a55426672783376767273446d5a6b6d4a6d675a4e6d36734544663932474d7255555a474e6d743247685975794b6333366a6877412f687361785532625372486d6249756572344d3032636d59506b6c3142785459704365486b6e6945487a2b5969533432624b314757317466575235586e523155762f355a586a776b6357594d7a7548704f4d66545647354756553239506150342f6a524e6d7a62566f756a52787346744d32636e734a6f7a38557148715a6773336a33726c316c485079744d4449364f3176485351725359584f4d594e7871783830334c7963377a425a6a2f7676663773667a7a78396c546c4c693164646d4463795a4f374f556c4f597768363469594b442b674668312f6973472b6970555768457754464241396364774e484a397675485a703839554654333859476c595a356344502f727850487a767534744641664c6e5039394152745a41396a58433645676a2f4a694a363633452b327a632b4d324c6b4a615243432b6434766a785274375958727a386d7a30635a4263574c4d72452f54386f78674d504c734b736f6d7a457849525266326a5058386a6734436870376e3738345939484264526c5a386653474571634f7457436a71352b464d2f4c594f4c58546272307a38646736395a54644a6a6a6a445937595367554378646d344970566d55684a4463506767424d48393764673538354b644863506b564b7245425670704750454374317a717277565268494b4f2f3267703365554f553643554b4370735a74364b784b4c6c71514b734e7179705246317462336171645030706f67496f30636d30352b725a6b2b7576336e2f4863615a725037316b36724a4b58372f6546466a592f32734631347369646d7a78796d3739393538334858585849463878302b637753656648474545524d4a75643846714757586939664a47593667626368456547534b38642b4f47492f6a70347a75776657733370733249776e4d764c4b4f426c7a4f764a454b6c306b334b6e374c7a553050447777362b7635617158345758663355643171777077754c4636587958452b2b3957344a5a73784b706a364a4556666f637448753966705366616354545039754364393439696671474c6b5a4e5063586e414346566a38554c38374832716877794f7a55616d6b61782b614d6d6170316d556e6b463956497338764e54736579696645596243556c7a502b4c694968464e7762743762785832376132487854704d6770464a59684148362f676f4e717a766b566d74672f7143776d4274614b695a686c4766677a54586c79627476705a78464a50596d536d675a574a3537674b72745733576d322b6354767644483771553133307a6b70352b4b5338346a4e423045472b3965526a667647452b4b613065376130654a754a47784d515a6363653372305a695968514e5a73464c7639714352782f6444617656683538384d592b51734a614a506f34436359417736416e51336342306b41533773676b6a44512b50592f4f6d4d6b54453644463354696243794d4b55444347545555566f5049732b776c566d5a677970656842637a446553396d6c6f62434d452f5a3235523435662f2b5a6166502f37437a44595a38476262315653347a44785a3451786e3855684a7963526c312b57546a487378536566646d506a5239565171533259507a3852576f304a71616d4a66453855646c476e4466545a384d6162392f50385068772b64456f516b2b7a73564b536c68394f4962566a2f7761417349636d744c357869397170556f53514573744741635679546d4e732f46616a2f79446a6e70704d4e4154686a3150675a76385046483238756e2f4c4338326630436645612f4f726c5659534149454a55486270376830686635586a6a7236656749686f5a6735314d2f506d34345a764c435356686147747677643333664954582f335353756949534c2f7a38557478343430495954577138384d4c48654f43424464692b725271685650545a325847422b4a3249484473785a64504745727a3235384e59656c4571356a4d78533255573657574e56714c45342f6a733079714b33417073324869636b566d43335875714b43704c3450473438634d66586f49724c70754b7941677a6f53774b683439556b5448714f666935684d39514557314734775378794d37526f6161366e392f58694a362b5868545054534c314469557a314a46714e2b4441775759787a375267666a4b6d543074425957457179594765704544507944566a392b356d6a6b65334d6974444835535a46556c493077314d6f74546e4b746a345a31587366325163545144534a6b324f75575a55566455575066667379616957466a63487478694c46383341384d67416676585356727a3358726c4970684b7a63726d73564e614a2b4d59334670426852524579327645596f325864423257342f49707371757a56754f696962445133642b477878392f482f6a324e7a426c5a31435161724674334843644b6d7669354d4c5333447a45704838444c4c32385444684366594d424e333570482b68314856543952344e4271314d6a496a555636566853666a32534568694f4968724e59787143554b3344506435646735637070704f6f615957674a396461744c3046425951726d4c3867525a5a734a4a35614c3932526e52784b436f394856596357373731536970392b434b5956526f7036586b4242423753516a6f32756b593267596f516f5368325a52422f52363757527a656378374c687132426633394674324d6d63474b384c4149476b59784e4b6b76775857656f5678672b5559646f4d366d6955717a4a386d50767679333336714c4c696d78594f30334d72466d37577878737a71744158506e3571477a3034334f6a683473585a7243515a7247353949524552474a42754c386b30397577776676562b4771622b547833356369507938567a52536b547a7a784963704f392b43576d3566693974766e693072434b362f736f6c43747733505066556a367261616f6444454b64557a69575a67394b776b7a5a7159784c326e6738626c686265346c6258596a6e506c683761716938786666522b687162656b526b54577a4b43324130483742384e72626539424d67586e6c6c54507041434666756d302f6f5a4952745343586b524a4564756247332f393269674c5869536566574d55636c43686738383233746d47374d496861694f536f4341323155377a346e7575764c364a38614d62486e7a5251537454472f4f7a706d487a4959746f445453586e4a75712b567334784279434e6d735a484f4c4e4e503357797650434635382b4768495946343264504c78434b583367752b66373047576d342b4f4a7344755149484d3452664f664f79776b465952796b45627a772f4537383961386e73477835504837317939564d2b716e696332665074754c3176783547536e49696e6e6c6d4e664865534b6778435747596e42534d453864724741466133486a5450447a79794f56597343415053636e525a4641613241657063376163524d65626539473773776f4f4a6e4e58377744634468646b684c6e6763424f54647868693438494375557571386b2f513747357172665872547845575655684e435756456d4d353369546d644e463748414961484c45684a433858734f54476f71354d67726f494d306376456e387a7244434745476444624e304143314d336349384d3372352b4a3563767a6866365370744e6a34785345767a35556e7831577a5a327255385445524a447271595a354565633666487742714c7367343051456f6f5957634f56347662327a66766255385952544a3375564e3938384264642f637a5a76784350797456524a6c76377164476f557a63704159514570725634724b726d7676486f51762f3374495771584b464c6756636a4f537074494934793459464d516b376b616e3234357730694b51567161784c516d636b787161697a562b43777971586e38544c79677a48362f547a5276654f6a4e54582f61675a366662495033594376555a2b6b5175357377734f6b45326e656378726a664457303234596652356241353456664949654d31696a5054514e4c6b576b2b6667336e704b4c7136756f575730756e30516943664c47334436362f764a66552b51686f767078366268686e547733447365433932376167524c47346d497a654b42476a3674486a732b4b794b2b69715249725941315457744a424d4865502f4a524935554441324f555649306370796757724569786b74715462326a484134597852756f486c795163654943305a507339566f4c6d707071386c393671644645584a666665393938386e344e31664e654d6936335947474467794e342f2f31646f706934634f4530775a53326253764438382f746731367678433966576b37744d6f554434772f6b65546c76586b585930324d764b576b7668577447526a542f627a6a504e4b5561327a6b61375a6479676b776d6946767461782f44387675394d48547145535350593043346f5045626f6664786b4b5579546e4d334c463462374849506d6e2b35466271305342676951385335764636337945654c466d597966326c6f684472436253564b537576774767322b37624d616b5573717967645158396448625a6249484a53437943672f64752f71526d31745038566e454b4d3944754d302f4e68594e3770367250686b5379576875414c354f52456f6d706b4c4c593274566e6c49343658506a4d717557426c47776845797a484d50424e69624a7a446466554847535a326f6f586b7a4859372b6d522b3856353738385363646d7575756e30496c5059303437365533565a494548456470535258574d346e5838634c6e7a73736b3555786d3768676d5864346947696a75767275597247776538345261654b3073774d436b767962692b746e4b5a6d716a45386a6a6a556c4a2b6c78796c74346a6d576c30594242656e7763617452596a37594e6f662b596a714372486f4a4562344b4f317649775561584c5370374b5359686f6747364a544b7668637241356a722b3742364f45474b456c7a67354b696f4a41695279373174616d526c6871445741705368333263744e6c504b6a32562b57494f6f3757497243304d3559546451346662796370536b63396f7346437a626431616859462b46315a636b67715479537879354363557542494a65767a78617868462b5752795a73482b77694e3061476b644a5031756b73664871755835425a46326c637259793373624368696e3630494a67576e434f50613433703765785058726537517079555a533242514f736c4a413259704c356c4c66784e4d414459534a567379636b556c714f6b56342f73614e703746765477745666794a757632506d4a4b55764f2f38464c7265486b46614750627362654e35554473684544764e5042496d492b34612f66415a4c62523955365247516b366d357578785156684d6e2f454530426b665a5a5966533534584d7078556b794b636a78486f636b41324f697253726a516d423633413332682f6444447a6e51387a434b6566316b384551684a5772706a4d53596d476a594535506a773555474754497a593052412f766f6a335a693466796a644c444c634f6564382b6d49485953335a6c475375753332785953346647536b4869626a633645674c2f4638587076497855466b6f4b6e34614e4e5a664c432b566266797971776b7654346962714a5a524c4332433535736b2b706f456154457365586c6e53486c46575079652b374a4936574d4a39767070656772685659666970676f6571394851314759687175766d63566b47557a57316f50582f334a61544458666645735252566f304267654743514d754553316859516253555455564e686e5a4d7a755964777a342f763258592b71307a504f5135794438644839616775366662346566476b6c4f3648423339304d394a5231366c78497974566571626a4b764f654269646c534830492b47535a4e484a6a706f2f5449312f45464b4b4650436f4b38304d6e71613066377944716a6a496842475a6965676b2f6c4c5355664c7a49722f55736c486873717a626169743669554b6841707435484a4a3842314e5156754532706f2b45706d545748344a6f54452b46726665756b77514349665452594e6f30635872374f753169476961506a30524378596d34363233717855314e6431687354454a7351716c4c7679666b59477659427866354f43674a65725938543656537556483858794b7354416a71736a78333335374632727258594c707845615a714355573048415a6f6c6e7630303872554662576739747579385846462b55774d55716c2b463355517935535977577973684d676c366d775966317033705144762f2f39646153686165636c7335734430584f77484f30506234522b6b494a72545362385133623454726642563653484f38514846565736584b4f444a79734574696c475748304b36493152304a637958437070484a2b616b635742377252424a54635237457759507443417476635049765378617966793136516f507666773075596437523134356d6366696161537033393247613639627348353136567930615758702b4c766231626a73323031755034364d3262506e6935656b3659526a6836745155566c4a2f706f6f477576585569595475573470654c6474357649507676553036614f526f5a4868456347326e3876644a574231457a7569757a76743461644f574e54786356725351386e4e4d47634f5158554a392f452f486c52394367355671365a695355585452653237757763774b624e7079453538685572707772614b62553676667a626e5468776f4156486a3758697262664b386451543239445132497248666c4c4d6d3073396e2f513950682f36536d72512b704d4e434b70335146735943315730455970524f377a575558684a5657583577514b36584f6c6161422b596a374131632b4667744f726e5a30482b33526c77464a6e67316c424f3948726772664c4437624f4b556f7661346f4350454f6b5755664e66617964536858374d4f6f614848336f584a303833343545667232494f7576674c5264545975456863764b774170694131746d39725966367869756462714b6c2b382f4c4865504442393142366f6b3667673136764675664d4a31796e705a73496952596c445267686a57756757663943493863625446674d362b77594e6a63337562426763537a70592f6a45682b6a3943785a4f7051364949527662684d6136616f72504e4a6879556c4654335966547052597376536952676b31694e4459635064794963484d342f767a6162574a5730752b586f62656e6e36686b51307036516f41674349714133704f56614870694133516c4e756752426b3969424e77304241595a4b59517a3335347561472f49785a6a4f447a6b56753235774850364e705969703873483934344e5158706b4b3761307a34527759682b56674864534f486e68305a756773427348716244717638456c65416e7a4d56584a4371467a3265515435534337614f7152323330544d6d706b654d4a7050514f32356e4a6d624579736149492b534c4e5457394349354a51714e4452306f4c362f6e6652634b74446839716b3055674665766e516d706a324a4b5954414f48323253746266336d665079485252665374506e7251622f6375523453614e74495a32645139725255626559577a454836774f545748617948556e41785650497952484251516f4e4e5a4e576a2b464561514f4768313159754351643064456832454a3273324e334859566c41544979593454516c4f69797848366d54632b4732665335413357545748543862693955422f71676c656e67784244384956716f5842346f47546c4b614b447073634f786f52626168586b4976324d4f394d506a38424a65744e4b726e57366f716f61673533666f6a4362493974615361744d777a67674d2b5966684c6a416a377361466f7651687a4f482f3473536b3543514767776c7231303646626479434854744f6e632b426b783878305759554679656a6e7a716d2f47774879595264314e6375766e69576d50773763614a61564f495445384f456c704e6d65484e7a596a4271305a4d344f636b34484d51566a2f6c725249343778476f64442b376f4846464a545379354f56456954452b6662734b685139564d6642726f39437055563175706f71634a2b4b717461304d5a5053596d786b446d6c697769544537474b46574954357a737871376431634b72766a676a38546c6f394f38716832317242634c644f73683047766a63566e674852754352367942335375396d77766634344b336f682b64544665776d4932526b567a37436e71656a6c33436c67696f3248663736507669324e534f4930614a67767248354269426679736a2f2f6e79457a736a41754d55434c5a314336724f576f6b4b436e6e5052792b534b623331724a67346672734172722b78446247773445684c4d434b4a596a6f344b4551356e44744554696c4d51476e49635a616462434f5844794569507062374c5246566c4b314742634f70786f62316a42455a544d4a59736961417a526b4d7056307554677971626264796b3130753962356f4c4e59347a704b6648616d78744735644c6b302f7838524a3356324341796232797367336a34323547443346636f3646656942625575725064676f37576365546c385962694a794277666e45613772786a50745a395749476e6e2f70556c4534574c3837682b63496e456e4a67554553375a504d4156494d754d716849654e7779586e6f59624b56646343364f67794c4e434531744c31524f755967532b2f5a57324f7159562f696162456b4736584964334f48683843554751626137456370644c645242795841456a63476171554445417775677a34684839367348345765304752616d49574a754672536b3035673047797a6c765a6959434b7a3978697a3039683341323238655246533044706f67765a686e5772496f69336f6f46356d5a6352536e49525371772b686f73776a6a784d59463057694a6147713234636a68586f365845777358533631616371536b6d69463956587637734a7835334a69555244456b356938767744672b76385063325755317472585a5a5a466b5932597a7664506a4654676f7a58306f464670594c594f6b767a4a2b38515252474277594579327847566d45466433456a475130622f52373931364f6f6c6e782b4f6e6a752f48596f782f6a7a727637634e6564467a4670686e3442587a56703462424852634c587136425939504977516c58624264383843737a694d4c6748534842714b4335395368686b6b58443239474a3836316e494c383645374e767a6f49364d674739584a5253487536425742734d62496f4d7a5477586c676e52526f4f78392f515347586a35494b73346f54547345393474726b4c42796e68436b353754565248355255476758495a6d7756486179465a33644137434f79374878777a4f6f7247696e4d357146304d374e43634f755854336f37352b6f5935714d5a69536e7875484177574d386834654753634f3071584843354b456b434f4652476a4a4271377937323270495448514779325158434774656a306658312b50516a67784a5452414d5a584f493649545a764c6b434a3075484542707568743477684a56585a497638497a324752715170584863677972364930374e6e543847486d354b7736736f3355464c536a575558442f7758343453736d51317239514447586a6b4a6f39384d4e794e66507161422b75774166495752384e3553444e754f42716830636c694d636c4c75634867504e55507857526d304b36374265456348314d633749624e34594d765677623867444370444d42522f4f346c52436b466c51537a693578524363574145646a4c466a74653351556364464475394144344f6c4e777658596443784c484a714d6569525158694f506649535030594f3761665a654c7652574642437657626b5579776a66633955534962743373456c54357a63677746302f555947576e4630534e714d614e714e6763684b644745326b6f4a58657a3647544f634270587141716d30312b66574f5a784f7464307849656f6b544f3466634b43505231645045377a754e7379656b597543676e51596a566f794b6f7247486938634c6a574a5137426751662f46453551715564744b4a6f5a4c5537316666756831544a347a6b2b46636d77354c73526f75646231512f664a54646a6933646d474d776c42357167356f744548426c7a534e7739416f4751594a34624363376f4879543833454456374473677a594c7556357150423936307168373949675742454c5a564151484e6f78456f31757942566d2b50634e596e5276412f2f762f6a7a377958432b6450546c78355270385643704e6169704768546470464578636277664a52466b596c7047715a415432677934387170456b6f5a512b4c7842484563356336346b7674585153516771743145757542514d5564554645774b37336145684e69716c48724177436b387037464e53694d56585a694f5058696b7066476b7479396e795a754a7449722b514e4c68765442513249794f316f6f7a2b3563666f694a7548422b45526f5479434a383355547279336439395a444c3632463461454b49512b765272576b696259713466683356494c65566b586a424570514c6f5279684e446b506e34586134424b4e4d4d634d335042413757514e356d68312b7642536832315564366f4f466e6c654e714b4877716a4e4f42624c774a37614130415765446a39647674506b777376344d756969415578595769737551636f37735332576d6e703575555a783934343154714b3771772b79694356316d5969353275333245716a474d6a546c455654343268726d552b744a6831364b687755574848614934485361644e744268672b436d63376f394e67586855334842786e45377655714c7853357a75546e5930655a412f374b4f595a354a72574a4761576b377a6c5a554969773053324331564168317561514f5379574e6f772b552f694871653955315054683871416e486a7a5552696f616f43344c456a557959526f62523768344d6c6a566836492f554b6364376f66525132354470325963646b4274356b5a646e774e633144682f70744839364f68536c6c5a414e393048474166636c45746f304a416d566f2f526d4e62774b586b50446f4a6a57556e6d55384e5054335269445235714b5a6e776f57686c7039474976745a4f4743646c7873674e443778784442504e6f5549543566417577394768743763536e573037685a456d6236452f51614c57342f665a5a464e63466a42676644436170654f756d644c426a664d7846536145585379587252356b4c375a4b676459696575764d51373558577243716b2b707455584a64647348455543726c5079695679736a44435736423533494c39423575786258734c685763764e426f50615851754b625965647473495641787250354f31564457514c71697a737776373974646a2f37356d56465a33454e503975507171484d79614e5345385051345842717559634e3835694a4774355444562b3246414e4f7763324a4754445844744f67767a73424b7965596b5954644843613665447a4d3248633263744642536c767077553246504434442f5a447657346762664c3939716c535456436f554c44612b467a376e4734794e686b5555706f6d527055673362794353494b5056346d4434664f307776666365614e756d5959497161646a32535879346b74573872772b452b32594d6130564d45775636374b705a684d464f3056446d6b64716f39436d4f5242703964417131454a6777304f556573643638506f754a324f71304271616f786f667048796d4238324d532b6c6b47764f552f634c4d6f355771334b4868356c384771564b337472554734416c4f7a376842572f6657556536475937733646683653776956746a533179357842524c4862334768747357446849726d6f4f442f377a43344b735644632f384238724669526a626a596d50506659653061514f33504e38483351545643534a765665684d38746e47794e4475304553626f6c755a432f756436754e382b44466d4b4366717246384363466f722b5a454c45365344596a52713433453459546c735946614743457375394843514669596e6643615766546b4c32356334787765357a51644e7167386276676c2b7068744b6e687378505051557a6c506f67517031766b754a536b49474e6f614a694648485253586a6e3354735146666e46365779704c37757632386d2f4767362b45634568476f7a624842675a746146336b4b4b5a455277546130527366496a6f79666235765a41707641493266554a612b5830586242794e567563776d2f584f3044433954696158784a6f626b61533566337231466a513339654467766e71634b473344757656374b6470573045764d534577795161767a77756b4f4a456935415a6b5a3462686b52534675766e6b5250555a47622f4e424c7074513363347847367a746659676b764b694978307148547653677553776a384235706848352b437078527a5643504a4548566f73625958306f45314b6853302b464f745a415a6a6b44646f344c616f6864396a7835564e3154656343686431446f38452b4d59586b6152737941442f74594f6145365053353353634471634848346e7650354f5745446f7955784465483747463659304c4261626d45334f7974614c315157544b395a696e6f6e477359307a74366d596b384d6e46725546455546575856364d6555535459544c587730637163655a4d4b394c533469686d6f306b51704734687653522b5064534d37677332446a39734e7870564c6f31576f6573626b48714f6e574965703661364656585676624135354b4a70764b5735577a53736834655a6552696f4c78786f62476b6a5758416a4e792b4778677042663539504d426b426c3550434f54677442706b2f586f4f2b762b79442f5551666c4e33744844776c564e3036754864315172356d4a74785a4a4462314c7568384f69702b472b79664e634f537a30472b62676143744c796d7a78726f786859794f363959434369426b6b4a4f6a65577a7753556267664e713569696f4564546b68573663787349346f3271414a6c46687a4f43473462595a384761466f75724e5863692b2b564a6f44476f782f4c585650614a4f5744676c52586a2b5249337433435168784c7167397259656157556a676f4f445262523164677a6a2b6563336f3732724879614b566f335767324b5346616e4431475a7a387630573569417449694d4d547156436465487a4f61522b6c72685977336863724336347163554f6939564f7a394367723363414a6363355142593139597a55393556507a35716f6a77575479797556577251314d336c375a54524f4f476b32384f353768435846474978366e646a5949536b35484c506e7068506977704630535246436b714c5152304c67616875416f6f6b35596c386a725056566b482f4b67636d4e684b65694561376d487571705547677344675364367151536a6f5263616f504e74734235734a4852516a684542496e3345416d41744a704144666d696148686a5464423856735052487359494239616a6c55475a483447674b556d49587a73544c726b627a522f7368352f4f704c686a31666b73485a386f4e58486f7348506e47667a74623147343863623559695a33777677532b584767766e34634f713061455246475962524f4771577572676c524a46416a512b4e694355746d56704a6f3665337237304e507478554668544c436e5735634a74645976345a7874434e7838535a4c536f6f7875755345526437564d59546f79464243567a517673676c565a3655536a6f6d7746597642675648454a2b6a4a2b38316b64685261315262537a333553377a4263666330554b4e562b744c63505472416c755266724e3552677a56557a634e2f336c6f735a306e42714a5839614a42726633514d6c5054643836615651372b52357a3759672b4e7035384d336f706547616f5058476b714a4877754473674f6654466e6a73616a68495a333146555353465166433554464177477652785558424868634443365046734f51355a367967556d5846514d37454854342b47735441577876776f684d54486f664b7044324137306f445542315a547779676e457266506a667a38654e787835324b382f766f4f2f4f626c5434524d5748326c744c77785369527a715a355755794d7854366e4c4a316855754b316a6f35677a4c77454c35756469594841634f3764584566595549754b6b6274615255517666482b6d4e695448514d4f715272314834564130486d2f5757324c67676a3876567232366f4838433061566e453178437876695570785359614d445a2f66494c303259303161384f454d584c7a772f44753239556f4b32744559694a31305a70694c467457674e3465713168445937574f34346d6e7470414a6e63576332536d386b514c686a644c4570714f4545634b626a6e76715a6b5266767844343432594f5a446f63536a6573565659347130594a657946776d6f795139354a31726175444c4473597971786b7544566b5a316f766a43514c77517579596464714d4c6a2b4b45577142377272707346307958514558355344344b694938344b7a592b744a744c2b374738473553556a36316b586e64626c456a36555a7a525572706945374f7854505066734a2f766948677a544943483730773874457939575a386b36304d4e4b76574a574d6841534a46486e6749546d526c7545504462744a6c4d7934364f4a4d704b636e3844555a49584b415547396a376a4636676f4f4e6c6b41587a6f5561527a6d69556d6b743056456174317274567466556a6c4759656a41305a4f5558684f4b7575374e4a6f6231342b363344614f3859784f44674d4a2b50774e5443424c7a6c72634b4a347a32594f39644b56686443376d2b434d66337a715945666a4c727736312f76784c7031355369656c30636a2b7846734e434837716f74783973642f512b573972324c4752302b69344e3756453257526e446730747a6b78394f494f52446b557a433061654d4f5a6a4b312b364d3936344b3062675474474156384d49326e63517a697067354969553671555237333345454949595a724a46584353456b7658454b702f396961554a68307937726c43624267687456314a7856692f58793157796b6c516c5a79636846662b39423163764f51566c464c76744c54304d38666f63654a456b7a6858486d45334e46516e646731784f4877346372415477364e744e4a495271315a6e6f34413569336f52745855443044497949794c3062726c634c526c6e3947764d68436f59646f6242784d5277613079554773654f74614b482b5359724d775658584436646f6e4d59762f6a354e6e7932725a3571503470664769704f4e334e6d50464b545464693173344765316a2f70664234424639496a507a395764477a7533564f506a6f354f447362455a555173795566536e5a664231654e452b66312f5a70545a4a386f36484d434532786241644d3973444b4952636c73773943505a7a424d796369364b5562634b6d6e596c4e4b553261446352506c2b706875576c376568376652754a7a42675558763858757362743477355550664a6e2b4e71486b484c62436f51767a70385944444c496f6345524b766f2b4476546e552f785339326c7265786575754b49417332646e6f624768477766327469416e4f784a547036594b336450646152487458524578576a3458515362586a627236566f794e532f4e66507077355055676b30534d7849597947305131796645652f5275544965524a4e66335355655467335678653561336566584f72656c4e617348443534466f382f756f3634536c314347767a334e2f615353737578617455694a4447355833784a496c35393953674f48617044666c3469475a743267755551426956643875787a6e354153392b4c75753563674d6a49694d504646746b56386a72756d47423650483955767649387a56372b4937426475516a674849446778476b6c334c45503930436947502b78457343324f2b6376416a7a6d594a617a776b3538725055714d6f59743059427971346a516b666e735277724e5478515a4535306a795547306e4b68393544554f6e367048353850574975323442464b714a71426f614773483933392b4178715a2b684951714f5a6768544f5a6148443763534f674b4938777866797239324c57374467324e4e767a6767577a6d326e4d7238776251554e384e6738364974725a754449364d49492f33486b364a636568677264424d5631316c39736245686b686445583063333339716e482f55743062694c39656f565062496f61482b324130622b705835686548387774694a75684c44396f715652636768445130792b4741775345552f616138414d2f67535074765354505a694a52574e466e4d33306a715a337434687650534c2f546977767748662b4d5930664f633769336d656f496c6c2f4a4b366c337951374d6551465175314d516a444a63336f324655434c33574a4f534d52515479505a6c6f794275766234472f6b34526b51693365565a475a6552715762516c792b50414568643831462f4730584966614b4974486b4c6b475666645342317264326f653746392b486f4745444b7657755163765046304955456e54664d6b302b74783936394e5a68586e49566351716e4c3663415932614746783832337a4d566c6c30336c494c666968526433693136487878396652413254674f727154694c46635645537973314c52535231305a4b4c436e4478736d6e53334176576656434b58627661634d38397163365a52526e56536d587732634279784d6f4c376236524c4e74724d415a337a79794b74306248744b75336236755853537344636e4f5445554656664c4b30675465764a7752456b46594f306e4e61715a596a4d474e36427135614d773276766e59534836772f545150465136505734636a5273336a7868563334316b335438654344793453425037384d6232424f5251476453592f733731344751326f38616c3739424331763749477474677452793666426b4a384362555134664f477438426970394c55526b4864703462654f7768626a52644371444d5464646a6c4d3068797377774e4c657a39733157336f32462b426f65505643444c726b66726f3955693466736c35544f2f754873486262782f453171316e63664f74633344335856645173786e5251506761484c434b4263417a69314a67743433686a622b583476547058747835647a366d54456d54796c7a59766575555748457461614b4f4c6f6d774f334474736e6d49696a4a7a6a4a723565677364564f45764c4a5432646a4e3254317147654d47745564614a6a58634d58616c706354325858686f6176486c7a74367138724a7459473450616d6a61382f75647455464e6b6e6a6f3177764431496a737a676a6b70585443566d322b5a676d30374776485252355659756a51524b7938726b75726c69457655517472517a6d4b3155664d4569513372686f6574714b7073463076577030784e526e7261524854475831714930486e5a61507a64522b6a38364141477a6a59694a4438643972314e4d45784c672b6e47664e4a704e305a66505133356b4a794549416a6a7a634d59324830474c724d5a413663614d46626643657668436a68735a45726657494363373632464f6c6a376858723432636f4f76504e754b61382f4466666666786d4d51524e4f493633476b34357a6a772f6532342f313630377a755844636474737336485547526c77666d70733734506171534a57564f4872734c45597333566a432f426b5a465971793035324d724746636657326f4f7934686e4962526e647431797670315947306977304d65704a4237776f4c306c71684e6e7778716c557135624835784c4449796b6b5150776345443957494a68725478673753586a4c546e7a4d7969484171744d48706150335a73723056336c7830724c6b76427a426c35464b552b76504847435851786763624842325054786c50342f652b33554b696578735a4e5a77682f4c72484d51784a38556a465870565569616d45655971395a42476856364e6c54415373485066543270556938637a6c7367364e6f324c5948706d673964506c70634a4e4e3962797a6e78523548797a6c395a4372355168625051653554393245354d746e5138487a2b5363565936546f73566f647a444e4438486b555748464a726c6a5a384d55746257526f62656e415435383479487779774c776b4c6556664a4b4c397777336255466b314b456852664a784b7249794c6f64363734764a69356c6362586d50753765775939662f3069657952314a534d436f5843574d487a745a3944706773316a6d6d6941304f6d6b79746743672f33782b376331525238717178626e7055704c5547504658426748584f496d36697048684f54626863766978567a47394b7547626d35684c766149577a39744945617749766c6c32515179314d34474461382f2f357855756d545176666b353066696b55645769763171316e317741682b386634774a4f4a5165476e472b3830564a7734526b78434f4f656d56633455595143594b3972522b57756c594555776a72382b49684a7853706f384d51555a7944704273574975586279354234315878457a4d69415074513471515872383430564a715a433947525854727a3737684536566779464e725751324a706c346c306572785650504c3448483335596a71752b6b596c48483775594f73676758704e593276466a6a55494468596346452b7269384b31765853345747322f2b714a787757594b386649503376752f5037644a6f496b3952664e5a4a534271417461454c4e59347563485671447042576f3157616c5570722b5059746e647268495473574c34305336334f47423776464b712b3156785749705253666646714f704551446c585361574659524561556b624c5252724e5978477478597644674c425157785a48566d7a4a6d54697575764c785951554542396c4a556469395455554e513344474454706d71686f314b5349364852536b6e64437a6d6a53635638314e66517753736e6a46513277646b31674a68463078464c6f356c7a456842616d497851516d4e7764687830555346514d676f553142655359636247787648682b6d4e342f37305351712b57305235797667387650467950677766504d444a476b562b514b484b4f364f64326a65506e4c2b37484c33393544484f4c492f48546e793548616c71796f4d6c5050666c6e697649493350377446594c4e5656533369435754537862504a4a5074786250504845566236796765656a686e644f7255416b614d6f5a784432687a59666d58736e30486250386f35396f427a3062724b54675a5339636f723868492b3274426c32726533587237752f536a636539394b7a4a756249335a6a476876335562653034644468586c4c6365684b465946783030565173584a694c482f3759697363662b77785050333159644b4938384d417933484444346b6e41457342524d7163316132614c4c702b37372f35514642357479393251746945343134416864452b386b564671677346496c75654c51754b384c4344342f376d54525772744c536c7449686c70524f585a5674475261724f706d4275616350304e7333444c7a584e454f395465665a4c6d636f7030494c56794355593061734776667255544c373534484f6e5a576a7a3879474a4756753645352b72556f76792f6339635a587138652f58323976446337486135517650374f57386477344541646c69354a394b35596b63644943617268765572355a6a6867474d665879546d4b414f67714a773635544b76566d725236612b5368513133364d3266473666465279475345534e747076664c715952484742666b4a384c71704e3678394846514e49734c44416b76314e44682b6f684d3764745243535632526e5233464739536562306553545372485338324a78342f56592b5771516b4a4376466a48493847627a6548413975316e634c436b42543032443461554b6778714e6244515268376d50614e4a4979612f7a736e4e3854484335337648384e6333446c4f7256424f712f4a673354396f424b6b2f7371585038524c31596f5833795a437468746f525245497a7272702b4f6851737978624c4656312f64682b65664f34446b6c474438374a6d6c57486e46444c4567616d68346c4b67684364414d44505350342f58586436473671676e58586a4d48467932646737506c6a666a78443366446148446a6834394f4879676f7943746a7769536b79566f4455584e7577776a3331396d4877502f356b6e66707270587974445235794e4477655069323758334b34654568336d69473246666764466d62574a3238366f6f3873713167395061506b63553169456d34684b515946424a754d6a49566a4b3565374e785a7a5568774943736a416e72437a7565644f6e4b7064774766666c794766667672384e33374669497850697177485a634c6e333579436f3838764247316e586255645a41496449366a6b6a6e74385035716c46665545653854534d384e35792b2f71616b4439397a394a6b6d6943742b2f647847652f4f6b714d7364706d443474415a64646e736e58422f48473334376a794b466d7a4a6d64514847386774452b412f333956727a30306e6238376e6448434c56782b5031765631446a7a424731784833375372427465796b6a3130434869364342456e4836544356684c52492f2b4d46314e4e7734487633785670535639654f2b2b3349637439773676516f4950384a376177686f6d334f6246586e2b3257727166775272357a356f4331696139452f657246516d565639337a55424531646d6535486665375a444e6d58734131313237454d3839643732414b616d682b39652f2b526a747251376962517447475155477377454c6977764968426251477a5634374e4564684c6944394c4268504532507a4d6c4a4f322b676758344c38627766567073634865304f306c7576714f78752b2b7730486e2f3049394766384d797a6c315034616a4855373042766a7731374431546a72623866456175783136774e46597573704236377476597847736148527835636a4375766e4330306c4b67362b37324970465a3638635772735852787170673457336e6c4c43695a78797172617a6d342b2f48783569717847767a33663767632b586c5a35776646514e4a7a354567544936325a7942474a305a45687a4a3654676d757675316838353463664873486d7a523334787457682f6a56585a544d35787449343870594166625a3861556550433459312f3564574f386b6e5546386843776e52424a764e6e7367442b7a6f315234384e30474d6a714a536a6159772b30754b50555650586a352f3835436f4542342b52596d6f77677852616d6f79547958796b7a78483030686a6d4b417332624b7a436a6d314e464e4657354f564a65336671364a46535234756431485751413741505a30353159657557536d7a616641777061547238385a5562786134614d57526c30704c32724f786f30766f49484473683957695038627653794c344d34724a506e6d514f504e684c714a7242393061657636747a7555744657457a5069434e304a6849436830583737514d50374248625533377278687736304f566b6e436d59384a754a2f4267524d6445584c6d336f4678455678487550785772533675686f6b714574522f4354522f635351547834394e455a6c716c54383837493563595366724135514a74484a2b30673962574d3833387a6c46387531796a6934725447694168762b4f5a4e5863717a5a39764a77456964383653565951624d6e5a4f467552535036576c78496972694571512b34596e316e644c737164522f55456832466b4e74556c6e526849382f71634c78343533776562316b6132626563436f4e6d493630314443306466536a2f4577446e34764244332b306c6c5138545a784455755971527052476f785277366e59357357464446536d786a2f386577306562532f445757366568566a764555734a774d53486f433677382b377776625878386c45357755717867652b2b6455706a4e6168706f50676e4a557562467045424554314271615244554b695768553476686f5235522f4c3332327556306a6d51634f4667747a6a4538364d454c4c3035784c46732b74554b6a695472477a3155466c68634f426f6a41563935373761767347715759744d2b6165574a6a497154784f3471636a7661464c3739384b504e6e54352f577a706d546a6c2f2b366e4b68384c2f386344416e645a6332774e3037684b69694c41536e78496a3739586763324c62744e48584e4b554a4670396a72633962734a4b78616c5974466936575a556a4d616d6e705158394d7064765249536633694372514a42696358557742645862323439393733306466725947347a693134467131574a5a637369794d685755466a7150312f75364c4b5272766668424231434b746d63494d46514b5a5230716e6a433033537357464641307149563355454446597a49686c35455469557254597545556a3252463976614f73537338494b465254683173675550506367386337716630565a6f752b76756d585571566577426d6c4b4b6d735a4131417a2f4b354432722b363370676b594b4778694478796b3837754b334a36476551382f65446a744c333975315259584a2b473535356467686c6a586f6a673368476a626551615650336f6279765942684e2b3147466c33723451684a6d7a5332744178624e7851675866654b656541745346494c384f6365544759585a794b6f686c5a53452b5674765853694c4e70745772383331712b6a68376c35303930633244565a4a4352684e4151486c71784f74707164544b666a5445504461436d7167636c4a357478374767504938654c2b5173546363744e5533484a696a7a6d4b2b5035382f57574e614c32736264674f396f433834314c6b5066514654416d685833684f302b647173655048746d436b684e64754f75655176767a4c38796a4d574a4a414c536c664c6b2b734b336b454437664850777262346a335654646739516659685432416d344639704455366c544a642f64545050416f6d3235525858366c58502f536752666162333631475a6d615357436269346255344772756871756841694665446f624a366a412b4e43754e346653367831614d556d4e64644e786458587a3046753362576b663657692b6d47547a397251496a35414f624f54735a73526c524b5371685958526469316a476642596b3549576e686b7a39514a5a73324c512b7a5a6b30302f456c724f4b584745326b56514731644e327071326e4379704a4d514f637a6e495659364c3179555144497a52637a555372743253453252456a6d5147694b6c4d396f3668754134316f4877555439477932746748357833336a6853394a53544d6a2f38344763345564726e762f7565564e646a6a2b6552414d5252624b70724130615a54414c4f3766503562392b70384e7a456e484c536c697652452f76682b4e4e496932654f576d716e2f2f625878784e2b38357432546436554d447a316b376d3865576b2f41673147477270512f2b633947446e52684a68764c304471796c6e516d344b45586a6879704253442f5431597665614b69533457587336347a59376d786736634b652b57566f5068324a457564485750515671584b6931456b685977784d615947425853346932705439744369464e4966512f4d4d5170714c4276614f62433966565a594c5334794b6764546a5632734770685a6c496b35382b4d4a59636c69375930307053444e2f39665864394277725369616c596d6b70484378646d6559424b667539583059335665463246766e4958584e584f6a4e527248325a7466654d6b624d486a51316a4f4c42683950733933312f7a6b43774b624e4f4a6c4d663537424b65615a70306a61532f2f497568662b7163535a764a366e2f66474d38534332513263777352594f444c646e76766e6379374e6e6e4b67303630746b6e6e3179416d323870466f466d493057326a34314448786f4d72556b6e79696b6e547a62692b2f6539695573766b306f3653526761476b527157685246344b7a7a304455344f4d376e5239485a4957336130454e5947684c4e457a3039593744624b4633394d6872484a5769774644464b436b32565367346471585a55704148686f54717839615145633348783454526d454d7768327650747750554e4858682f335435556e65306765314f4b4b764f50666e513935732b664a6a623273342b4d777a584b36343651726c7376366d782f2b63744250502f4d535978617876446a6e79593662377431666c3945614259316a46597979456d70737971775132467649484975614150576633566661573967314677424442333758414e7065384c434d6f323333714631616e587171442f38747462302b4b4f485a57664b426e445076544f526e703743472f79386a364335655143624e706169643241554978593366762b3777306a4c4d4442436d424e71656e484a386c6c6f616d775474446b6a493159636935666b5957426754445350532f334a6f364d4f4f46316559576870594b555757712f584977626546477751653974496b5262317052554e45695339394e4a6d4f6b5369614d376f3733587975367a347a572b76782b4f502f783362743532692b493142596a4c5a7038547941713166316456312b4f337639325064756e6f684452373634574c6366456575777152524b32684775514c6153624c6a43346673433033592f3033474f6238494c57416f543442394f46316a773071485a535449454b4c3033484837677537452b456a586231347543583733347a50716871346833484a4e49533561547159575044477432397263785351396a4674764c575a55444b473172522f583331414574394f46502f352b427a32356865395659762b425269627059464c795742544e6a756567364b6e67782f6d6142706e554e3872414968653332796c7930506d4f4261394e624d676e5865727073686f304e413751654437533833446d6d78437357312b4b3764767263652f336c6d506d6a4678525636757147524c4e366c4b6839647a557476515947526e42376c314e654f33507538585778744e6e5a75435248793344796b734c59432f70567261556c59556135345a377767706d445155515a5341415a2b4f423866486a383538582b387251646948623563736d355237703939564972333278646e765874503539702f4b47443754706a5a6c7831737a38684c456c797a5179793742442f66486d447355427365666e7150427167304671354859686d516c2b2b66496956424c7243366447347076666e4965654c6a753262436c485a4c53616b5a5341666674614b456974596c766871706f476973565276506e47635a79746169475a734b4f667a2b382f55434f536331646e50324a695131466530596933337a6e49664f4d51426e377878585638547a564b53516a7136767245464854704b576e4f663468525a424f395a77616a456d2b386351773532614669303465307448677843566865336f7933337a71434633392b4545334e59376a686d395078334d38767762785a3252686e684e663874515339623155706c5461624f69684c353165614a62616e634970752b69386178502b6c34372f464f484a3859654e7654367a4832546644683945432b376275694f452f31786b6377654e615130716f77787757354a757463326c535172536142716352622f2b744449634f4e3950626e5a6732505958614a5a317353397171336f6b316134724a336d5430364a3049435a586a4c36382f684c506c4131444966626a7035746b49447446687734656c5a466f6548443759525647706f4a6856696c3141586e766c694c5344675a676a4b715269723672757730386533793532775632364e4633736636425753575168694751445650593661704e2b586b4d34686b64374b583748636330313037426f595235757647474a714a6c316451325132682f43457a2f64696f3062473543525a634c5066374543447a2b38417545685952676b7a6136342f79306f59344a684d4958416461684e355768764e526f58524f6a6c4b68586c6c3470476b51574f4c2f7a576d772f2f787431784d576c7536747732786c4c55534a4d686b667a656c4f48747079377566726f3031315872556d6d4c6b76797562722f61586e4a613639446156534d6c546e5761506b6c317a664f58494435536761714b58727a35566a6b687059704b336f726b56444f6d54633056327a424b502b55564768596b576e776a7730507832702b325947686b6d437971446233642f556a5043494e31584933494b44326d465961677344414641794d36484476577877456a563145454954632f48674e6b61644b61476b6d6c4a6a476e574d5938474c4f35794f4973684373504453566e627572443964664f786e652b73774a4c6c30776a383473526e554f4451384e34342b384838636750742b433939366f514532664744782b5a54574f76494a504c46644d5a76596471306672585856443731416739626f474d77534c5049546471396968364e68304c4370706d4d4b74435a53615a744e346453755a6c75514f662f383762354a316c2f562f584f4a4e2f52764c635430684f2b6a6b575836717475576e4b6549633355706d5843565638734d7a7964726c4d6b5a5373636a6459464f3654336371516e48685a39494a30575535754c4a562f436d4b6974645165672f686f51774f504f7247576639772b6775686f3652632f306b567a6f6a53746b4a495354614d702b47383535692f497872517053587a2f456647624e35497a536a744f6a5a4a4a6a59774d5950587136656a6f4849614d677a38344d456779494d4f694a636b30584a556f5448726343716956637178644f3456524f7064774f675654706d614b583643534e6f5839394a4d717650544c51336a2b32515034354a4e615271384d64393031485938387367784c6c6855694f6a49436a715a754e5078344d7759335679466b3751776b336234416659636159504e5945586e4c544153766e436f6272683557446d337343757075616f6c5378657455516146527a443379735543306543595a535062504975696655656b762f7a696542702f2f6746484352426e486e2b2f73613533572f664770644d73485855466175516d4b692b4d524d6a63582f553939436d74316d312f7a72616d4975476d574c44706e6f767869486250692b4c45327366643061556b4c6d6c7347685a434d6a596c415556454b5a73364f51315a6d4f4c497a5136564648457a6b43477a383763662b765766674a467362745977694a536d43673674422f3841496d56636d50747457496f6943796141586536704a473631576b6c684d6d35374f2f4f4d6a664c6b526c3641582b334a32644e68783748674c6a68367435587436474a6c6b67563658574d492b593159634668516e596b3578436777366b3568356166337747477832357675795566674f446b497a4e52514a663730473172494f65456647594a79564346577743525a714d77635a71692f4b6a72425a686e3539714654474d52384d46442b374a73336e75502f5a356b526678546a6e536a666e646d53583646623852506c4748436e386a756a574437636e396636694b6951797678426876376759492b2b577776705a50655146635844486165476f37454463525a6b49575a414458665335456f6c4c2f4c445166696239512f74627849592b49364e324d624d714654335430304d6852567443584a6a59616b73536e4e46785159796d695a396f305a4b6447557936414957555961422f55454357305268452f534d6e4733544236355a576d396c6774546e4534712f47426c4c31796c3771705645307467324b3151444250486442666851574c4972445252666c6963624a637a71726e38613148477a475945556e56496b4b6d4d616f3058594d777437644465564e4255683661426d304966714a454a4332613546505875725a373359365231755579736754436f57786c4f6555644642376f44584b38633832772f7371786a6d33365866414d44364b546e76422b4c693163486a596c7154522b494e435131576d2f684d394556614c546863324a526d4f6e54566f2b74463652443130436379337a4d4c59686a4d59666d6f5833466c47684d7a4a512b6756704e5254597144536153655852385876312b7a61335954644f386e5157676570384e31692b6b4436555431703934794938474159672b564954445151386d4c45464950483752503754763866397134304f4b3771536e2b767439663733704a6153327666463175576a595674675464415873417349544d5149454e49674b7142564957426d6153596d523842556b566d714d72552f426843616769595141416e7541624d654c4142792f497172374974795a4a73535a625573706157656d2f31336d2f4f753932794734657138634c383031503144376d74377666757565633733376c6e457738364e556f567131655052434f732f474a69776732334b7770664949494a566a6762516a777367354a58776d4b546f4c7257686e58727172423656536e4b53383159364b6952496d633251697877397441674a766233517136557731686668746a51424b4b6b38574c4e6b627a4369716e50757542343958376b4538534a4d4d794f6b56692b4e566a7031766c2b4d5358355172796b7844786157644855516374344a754f67546d5238784c47624663344370433141476648336c463051356c7663377447373975383733334c6767464e54574a4b4d623270664a61757058616151674a664d6e72364573302f39466f34485636447348782f41364f38374d66377a6e6241333130433272526d756639714c5549304378612b306f315373385a656b3235756b77387663465664716473364453384d65444636595250665a61614b78486e68494130537137666354314d556a3470426a5673456d396a3651794b524978565073704543453942536842712b576b38594a734f66597959616f794663795969584254326d356a657965436c4c364c4c584644486c6532736b5545696c452f51484d3955356836764e6a434f377367536d33444c58376e73584565353377666e7757664c6b5a327674726b534b4268596d2b3632736373433676686b4b76766d4c66785355647558515a662f68444238373344614a3959326e6f3853633339484b632b524448386166424376553554305a514e7930635359615a4764504d4c4662683851783837355658396d377336416762582f685a4f2b63504f6f563948536677314a4e62756662326c55694649706a71486f6165504870746a68476555384e776e7836426c4a5134745030557a413874782f676c4a3149364f63722f716857325a656b5151797157594c6e5332595773596d5178586157645a456330624d6f554f5a4975676966336c4264434e4d3436626b525a457a6f464975457737584a566d6c4c4b424a69744f6868306169494f657459445153486e5750784866502f796f5173492f324976633249317a376443556d4f466430385075434e54694232616765712b4767676c636752326e5958683464577750376b636c7a382b6a4a6d506a6b42693030473165526d714879434e55664b304d644b744b566b6b58315348385647383848633763484577514b7779483075584b6c4e4c6c2b6f4339734c636f614969783136564b6e632f336545552f634870577a306879474a714b64506550514f4f71616d34616376574f74714255714c44446935424674746d4d794159436d4765684a4f2f7575354b4b7977396b5941492b53624f312f64414c7041396561514a796e414e3573646e6f6253717237444b38624f45376564476f64444959576b7067346d635144466c5358796c4f37576b625974707a415668647a634d44673179317a5a415a7a597947424b48476f6e43453063677331306c51615970754f52626a6a6745684a797a694978456f5a3664516b41685265696845695448504e434e656944334a43447a7871466456514e316b51356a762f677a4355514b7931324e73445358734c7876525a4546764548376a66544542476c655635655971376148624b594f584d71496f38664a506956556b73717155734f76587a2b77394b6b66727869372f586272366652633746733776726e476d2b575375586d3665486d35576e4335584e7748372f75776256733957756b6865736a4976762f2b61584c676c486a36326255774759777345435a564b5a436b335a34675135337a54427636643362437549546f39496f4b6768306c6d775969746a5a5245676d5947794e61664859436b59344a4249767a77446356674e4d6d4956664c7742666b4570787a6d4e6c78485034762b6d46375a67324d3543784b52464849467a714566467562474e4b3269546b6b7852615767515469376a43437153686958424b71463176426658774f38626b4145517374625a774b7a4e7036455a3373516154504355576f437359746a5844744f676c583378674a707836366c586c2f3852332b4144453930753652537937382f70314f4e6c587242342b754a59717577482b384a615a493965504c4c2f754a334a6a394f546b6d48776b79666a326e424c4c725045744c704138375a5a3437376d6a6f46345259365a747639685430395358495535656a754d7a4d736a70506e5843697454555865372b517757544b51574e544a526c794d2f54464a705138767862473279737738633866494768794937564d516e416759384a68502f52673671414157554142377451452b532b6a5344315a443835425542534a676c646f495568564350544f51545948566d492b527852633667714269334649696d306852625a6b6b304e5a6f416576306241327877456941754d487a6b45496b54616338794e365a424c784d6e702f655437304431556955614241344e4d42384b346b6370366f774c79655133776f674d6a41444e786e52384533574f4434315350776b63616d3279366e6b44325a524351417a6e45335164676f42676376772b324a6b4b39477a323076597163577a557530384c67554b61737434583775755131645046394570454475787457572b54667468484a5a635279354f4257563439517068384f734b692f54324f52386e5064362f4a7a5436636651734a664e6c4e3532587931362b345a4a6930347769424e50684d306c4f544357357a4b49796d397267716d3641464b69442b4c686f74684b574e7a392f572f736f6757354449744744333253423063324a463659674a596353416b5a3775676e5a7841626345475357776a4a5253494856673475576e6a2f483373512b4b67582f6a452f584f386552544165684c49686a7a5242423448674c7554797755754c6c706a776765767a515835786e6c46774c7067694778534434665a79684b66435a45394f7774526543373146422b3053423652326f736570434751574457784e5a5443537a3654514b7139416d4e6a4c64484a7146696550442b50696b41756e794c593678325a5974756966647079443053536558417867734c38762b6351507936596665337a4c43614c5552776b6a42756e76707a492b6a7564575477676b57585a487a4638546948456b7a4261465546777331545574635369534d5a6e73514f6359792f463638615632596c4e796650375a4d415947687a44756e43466667784e7249566c6b6c4d544c614b6659324964316d6548534c565a67496c396f326f75343248356570555a30557748384f3435427632554a68476b792f4f633955447373534a432f7772635677627a654161574d7150533557636839627067326c79505736595278545257733636736849364d6a467378704c4162534f6730694f383944486b3743734c6b4f535638456357555337704d44734b3670674c7a49674e474f30306870656553326c454a54614942704b624777316d706f7862357872466e6531623061436b56783550425a2f4f6e6a50666a6c61313968596c4a734a4b356a78305469354b75474a7176513862555931706c4f50505a4530335272717a67717a4e6846646b5963516a364a71334f74673765714f6477336b777846335a61534f4e547a426f4d68624c476f5a5263477a6d746b736f6a697a6a7372345a354c436a3939666864337a365a7976505433477a4468394f4b74337837454264494b6352435133613644576f51636a73733063714156544e484435566b594348766e2f4b774b4f696b6e2f3661784441586658346e517a4179383833374938713149487075415955734e644b764a4d47382f6739526e46384276716b48555376766d3843514d47367567585636556f5145434b35775348564c2f47536638463863526d2f537863767067705254573969596d41455742455a714741686871374e435170724f4d4779365662764f467130334b493651742f375037444c5a763738436c38574755563572595359545964494a4c4b5441374938506550595059737457632b744750566e6733626c77355546786333695756476b6c53736f576b77746c4d71442f796636586b33736970744a4156787947444a676c4c4a4b7141524d4c374c465a74744b584672764334707a532f2b55326e4a4a365334375858486b524467355759537a644f6e5a3547793349627a707a70772b3764462b43636d4755705542714e6c736c615a4669696e384954396556726334676c6c63433673677732387459317448444b584233304c5357307941496d506a324f6e4f387468556c6b5466456f58434d6a43484552464e793741734864505643754b59576875544444467050707255515171616f672f32536c413179424669452b696278486c79466e625431346b3562654a332f49595958617047486e6541743755767a786562303464323659315a614b5a6b494d52657767434b7971716b43514e4f577876323644317931326a664c686e6b304677717256757369646138746d367572717572586166424b4d716a755437586b354b38347a6e78564f754358685a4d395a546d594632614a70334a52366444714c783279327a53635449576b30476c42747537394b766e4a464b6666474735303463584b6144574b6f726a57784576452f372b69466c5843636b3468782b326e4773466758644670347555594a72643045766268512b52624978634731744c7079386c56554e6a3045736c4d52575171354732714a687573684c5445685a71496c6938374431725955376f4e446d43664e4541774b79496d6d69785856347134586d7976785669303070546c5131755a42566d31477a764930573877674b307355535166594f4a62414c715961382b522b5430393638504f5850324b786f636247456d6831476f774d2b544536476d657a4638512b6742363343336e3543647a6458756a6476486e5a655a7574694153695030357356537772764a51702b5a6a4c5369714d34546f47753135764a44533761382b436b47495a7451796d763151785731666634717172723271675878327a732b4f35427a74376446713154464a664a2f61696b524474586f50505070324230616a48353774364d54517968333934365336324d385575494c78537a667177356476546557634b75534a544a354d70474372505164334c3937484564746137514b6c45346161566b4a76306d50797947306e534d502f587662516c772b434c376f5653722f6d4c6e4569565767565666656b33486b374d3142487a76635842722b4c3479712b2b367362382f447932626c6e42686a574651674a3237687a41326e57336f66326535526761394f44565833324a31577473324c652f4338334e466b4b4f577064526e3076477675676b79666c435676614e4f7973445a794758344c70694f6a634b61396c68367452436944727a4371664c7431586b584b6b38636e6b385656326c6c6957536674376a3833493174666c734c76546e753859356e3239637544775a4542514b4732707264647a4f6e66754a6a727277775966484d44506a51574742426c334868714858715269554a524b4a644f394e436365386362466a4536752b4a6a67554341346a3077484d764c75504b4c51466e45714170737747432f6c5263704f614851326c6539616b57504b682b466d6973796f6d67307a5075466e6953432f354d5076336e385842417966493048656a382b4246394a7a7a77574b796b554471734b5378454f3975507746654a594e4d4773546c4b5364793761705566383951637576575974394444376465644251314874567138343751462f566e42444f645a562b79553343764f322f7452724e76726b32546b6d55646a43374d64724f6b6a33726942636c6b704878756272776d4576486b537952793164456a3035705866396c4e734b655042304a6159652b656f474c56616d426c617a483665796677785a354a334c74744b57356255594358582f34617633373962744b7141647274556c594d7131487078535747527175475161636c4838724b6249526e7a73503848566b3467536a646d59705948572f53456478346164636e574a7154516836682f786641314579493443744732734c5252756e472b4e686c754678527a456355324e526552595146714b6975786e2f2b37696a7a596435373779666f506a4f41662f76336f7a6a664d307666475350347373587676372f5a7a7976557377616a665567754e35376e4f4d6245467254466b796d4d436d615665747a51644e3162456336332b454258686f6b624d692b79426b4975335a65646e465a374d686e4e6e356d5a4c7036653875544e52377a71743937733077774f43704b6e6e326c43352f347a424655387572745432487076417a5a744c7341727233617968754c7a6f56483838472f5773355a6832392f74774e796351657952435564526c4952595366444873794d546e706669385566765273747439546a633159745050766b61656f315962614169322b5a434d4a426b2f54664c4b736a6f303230663752724478727562735835644c59624954336e6e375a4f7371314e626d77375050726552615049492f766868442f3175513842374159314c374f4a307858684a616136337072624561624e5a523267626a4e4e6a6a326545736a434c32706678596136467352746561426c752f684b795171375a6d546a68444d614b4937426f46796d63744b764d4d706b6d4e7a396661382f50542b5946677937485435375746424f45325352635347335030374d324a6f634f30774a4e544a4e4e716f4f4f466e5a6b5a41592f66716f4e613161334d4d4f2b59574d453732322f414b324277394c6d4968772f4d5171334f3837476365303763414876664841636555574662436e4f3930777947485155364848763171583032563738392b352b7250426138644f2f58594f33666e6357375a7435566e6863586d484873574f6a324e63786a64746137666a77677934574c397255546736704c687866643266442f4a4c6d6b6c6d623154717030567049474c6f78656a596e726b3576393253654f5a416c6c50694e3541743831384c4274396967444d316d52434755565a5471536a7466764268734d6d6d31425956723175535630443837656e754738797372696d31716a566f374d6e704a59624c454a434d6a6739786c70784e4c6d6770496b397259304162786172756a43572b2f665159726236764266666374783747752f3249316d3038383059354c6f78783266586f4b6c353065354668747346724c345a70316f367a53676763656143556e324555514f59564c773046634a442b6e7472595168772f3145584a46434b7055554b7544574c56476a637071705a434968654b4e6a615a6751304f2b5238467258486137673453674a436f7348382f795662775a5959517938425847316648474e36307433375677634132545779414b7363774e4c776a4a657a566f4a794e427959614167747a36687477696b6d5542765a3333306f7474356c416f714f3037373951736139466f3274744c46577031677568616e446e4345784f586944414d45536956514b4551554f77774942494b347852352b68506a6b3668767441686d73354b6f6459714c7836514569524c572f2b3072596e412b727839336256516e683064697155382b4f53782f384d484b314a6e54463457442b377453316257325a485631626e6a5a4d6e4f59664c5a67546655794c3839627851784f67697646516c4f4842636a795a345378414632524c45334a7a72433535657537464534323148465a4236594c5542664f3744522f526b6a654e4f794a75314775427a5247733856754e56735374694a48626334393934537473566a4149704e35535a6878636b67456d564c756c39793177535252617a78534a652b5072312b7646735a474a35582f2b69383770504f526565466e4c3977654b692f58634364506a69736c6e45754b6c422b2b4f51554f543830496f5a412f7557356459656952487a52484f7a746d5a48666361596c2b2f2b477161434c4252525338777139556d6d6a7846584e6969315a696e624f5a755a36654c4f3159304a44354c4f694b5a5546363668705765387658725243433679554e437a6e57326552426d516e5171445035627774736a3136434c70306f6e364a586e496846334a69656d4a48514567315768734d784264327a584b745678314e4a5154726a6d74484e7a766f3052714d756c707472432f43386b677546664a7170535a633648456d4955322f6a4b7057534e6767337a797456507037582b754c6b434d6e6c3872424549684f64614438356979514161555941584f67617541706c515661326c735376736276662f654c395077746e3862714653374b34424976435762775768624d6f6e4d56725554694c31364a77466f577a654e334d39623843444141597877777335305245427741414141424a52553545726b4a6767673d3d, 'blllllljjsjkksklkl', '2017-06-22 23:05:27', 'mgr');
INSERT INTO `UserProfile` (`userid`, `fname`, `lname`, `email`, `dob`, `headline`, `current_pos`, `highest_edu`, `highest_univ`, `state`, `city`, `country`, `gender`, `phoneno`, `image`, `description`, `last_updated`, `updated_by`) VALUES
('useradmin', NULL, NULL, NULL, NULL, NULL, NULL, NULL, NULL, NULL, NULL, NULL, NULL, NULL, NULL, NULL, NULL, NULL);

--
-- Indexes for dumped tables
--

--
-- Indexes for table `Access`
--
ALTER TABLE `Access`
  ADD PRIMARY KEY (`userid`),
  ADD KEY `fk_Access_Roles` (`role_id`),
  ADD KEY `fk_Access_Access_idx` (`created_by`);

--
-- Indexes for table `Messages`
--
ALTER TABLE `Messages`
  ADD PRIMARY KEY (`idMsg`),
  ADD KEY `fk_Message_Access_idx` (`userid`);

--
-- Indexes for table `Roles`
--
ALTER TABLE `Roles`
  ADD PRIMARY KEY (`role_id`),
  ADD UNIQUE KEY `gname_UNIQUE` (`role_name`);

--
-- Indexes for table `UserProfile`
--
ALTER TABLE `UserProfile`
  ADD PRIMARY KEY (`userid`),
  ADD KEY `fk2_UserProfile_Access_idx` (`updated_by`);

--
-- AUTO_INCREMENT for dumped tables
--

--
-- AUTO_INCREMENT for table `Messages`
--
ALTER TABLE `Messages`
  MODIFY `idMsg` int(11) NOT NULL AUTO_INCREMENT, AUTO_INCREMENT=23;
--
-- AUTO_INCREMENT for table `Roles`
--
ALTER TABLE `Roles`
  MODIFY `role_id` int(11) NOT NULL AUTO_INCREMENT, AUTO_INCREMENT=4;
--
-- Constraints for dumped tables
--

--
-- Constraints for table `Access`
--
ALTER TABLE `Access`
  ADD CONSTRAINT `fk_Access_Access` FOREIGN KEY (`created_by`) REFERENCES `Access` (`userid`) ON DELETE NO ACTION ON UPDATE NO ACTION,
  ADD CONSTRAINT `fk_Access_Group` FOREIGN KEY (`role_id`) REFERENCES `Roles` (`role_id`) ON DELETE NO ACTION ON UPDATE NO ACTION;

--
-- Constraints for table `Messages`
--
ALTER TABLE `Messages`
  ADD CONSTRAINT `fk_Message_Access` FOREIGN KEY (`userid`) REFERENCES `Access` (`userid`) ON DELETE NO ACTION ON UPDATE NO ACTION;

--
-- Constraints for table `UserProfile`
--
ALTER TABLE `UserProfile`
  ADD CONSTRAINT `fk1_UserProfile_Access` FOREIGN KEY (`userid`) REFERENCES `Access` (`userid`) ON DELETE NO ACTION ON UPDATE NO ACTION,
  ADD CONSTRAINT `fk2_UserProfile_Access` FOREIGN KEY (`updated_by`) REFERENCES `Access` (`userid`) ON DELETE NO ACTION ON UPDATE NO ACTION;

/*!40101 SET CHARACTER_SET_CLIENT=@OLD_CHARACTER_SET_CLIENT */;
/*!40101 SET CHARACTER_SET_RESULTS=@OLD_CHARACTER_SET_RESULTS */;
/*!40101 SET COLLATION_CONNECTION=@OLD_COLLATION_CONNECTION */;
